"Jogador","Equipa","Equipa dentro de um período de tempo seleccionado","Posição","Idade","Valor de mercado","Contrato termina","Partidas jogadas","Minutos jogados:","Golos","Golos esperados","Assistências","Assistências esperadas","Duelos/90","Duelos ganhos, %","Naturalidade","País de nacionalidade","Pé","Altura","Peso","Emprestado","Ações defensivas com êxito/90","Duelos defensivos/90","Duelos defensivos ganhos, %","Duelos aérios/90...25","Duelos aéreos ganhos, %","Cortes/90","Cortes de carrinho ajust. à posse","Remates intercetados/90","Interseções/90","Interceções ajust. à posse","Faltas/90","Cartões amarelos","Cartões amarelos/90","Cartões vermelhos","Cartões vermelhos/90","Acções atacantes com sucesso/90","Golos/90","Golos sem ser por penálti","Golos sem ser por penálti/90","Golos esperados/90","Golos de cabeça","Golos de cabeça/90","Remate","Remates/90","Remates à baliza, %","Golos marcados, %","Assistências/90","Cruzamentos/90","Cruzamentos certos, %","Cruzamentos do flanco esquerdo/90","Cruzamentos precisos do flanco esquerdo, %","Cruzamentos do flanco direito/90","Cruzamentos precisos do flanco direito, %","Cruzamentos para a área de baliza/90","Dribles/90","Dribles com sucesso, %","Duelos ofensivos/90","Duelos ofensivos ganhos, %","Toques na área/90","Corridas progressivas/90","Acelerações/90","Passes recebidos/90","Passes longos recebidos/90","Faltas sofridas/90","Passes/90","Passes certos, %","Passes para a frente/90","Passes para a frente certos, %","Passes para trás/90","Passes para trás certos, %","Passes laterais/90","Passes laterais certos, %","Passes curtos / médios /90","Passes curtos / médios precisos, %","Passes longos/90","Passes longos certos, %","Comprimento médio de passes, m","Comprimento médio de passes longos, m","Assistências esperadas/90","Assistências para remate/90","Segundas assistências/90","Terceiras assistências/90","Passes inteligentes/90","Passes inteligentes certos, %","Passes chave/90","Passes para terço final/90","Passes certos para terço final, %","Passes para a área de penálti/90","Passes precisos para a área de penálti, %","Passes em profundidade/90","Passes em profundidade certos, %","Receção de passes em profundidade/90","Cruzamentos em profundidade recebidos/90","Passes progressivos/90","Passes progressivos certos, %","Golos sofridos","Golos sofridos/90","Remates sofridos","Remates sofridos/90","Jogos sem sofrer golos","Defesas, %","Golos sofridos esperados","Golos sofridos esperados/90","Golos expectáveis defendidos","Golos expectáveis defendidos por 90´","Passes para trás recebidos pelo guarda-redes/90","Saídas/90","Duelos aérios/90...109","Livres/90","Livres directos/90","Pontapés livres directos à baliza, %","Cantos/90","Penaltis marcados","Conversão de penaltis, %"
"Jemmes","Mirassol","Mirassol","LCB",25,0,"2027-12-31",36,3617,2,2.26,0,0.32,10.48,61.05,"Brazil","Brazil","direito",187,73,"sim",7.69,4.03,63.58,3.51,61.7,0.15,0.2,0.65,4.98,6.72,0.82,3,0.07,0,0,0.5,0.05,2,0.05,0.06,0,0,12,0.3,25,16.667,0,0.02,100,0.02,100,0,0,0,0.55,68.18,1.44,56.9,0.37,1.22,0.27,27.57,0.22,0.27,40.41,89.72,16.12,81.48,3.01,94.21,15.38,97.41,38.12,91.64,2.26,57.14,17.98,31.02,0.01,0.12,0,0.02,0.02,100,0,3.06,77.24,0.17,28.57,0.12,20,0.07,0.02,5,59.7,0,NA,0,NA,0,0,0,0,NA,NA,1.74,NA,NA,0,0,0,0.02,0,0
"Willian Machado","Ceará","Ceará","LCB",29,1e+05,"2027-12-31",35,3517,0,1.5,0,1.08,9.75,72.18,"Brazil","Brazil","esquerdo",186,90,"sim",7.4,3.51,72.26,4.22,77.58,0.15,0.19,0.46,4.71,5.71,0.56,6,0.15,0,0,0.36,0,0,0,0.04,0,0,17,0.44,47.06,0,0,0.13,40,0.08,66.67,0.05,0,0.03,0.15,66.67,0.82,56.25,0.69,0.56,0,20.63,0.36,0.44,31.76,85.9,12.62,72.62,1.69,98.48,14.61,95.62,26,91.14,5.63,62.73,22.26,34.79,0.03,0.23,0,0,0,0,0.08,3.86,71.52,0.61,37.5,0.33,46.15,0.2,0.05,6.01,66.81,0,NA,0,NA,0,0,0,0,NA,NA,1.33,NA,NA,0,0,0,0,0,0
"João Victor","Mirassol","Mirassol","RCB",28,250000,"2026-12-31",33,3332,2,2.86,1,0.76,8.56,57.73,"Brazil","Brazil","direito",188,80,"sim",7.27,3,57.66,3.67,58.09,0.14,0.18,1.11,5.4,7.4,0.73,8,0.22,1,0.03,0.24,0.05,2,0.05,0.08,1,0.03,14,0.38,35.71,14.286,0.03,0.11,25,0,0,0.11,25,0.05,0.11,75,0.89,57.58,0.46,0.51,0.03,30.77,0.22,0.51,42.33,92.09,14.53,84.39,2.73,98.02,20.2,97.06,38.76,94.98,3.46,61.72,19.57,35.81,0.02,0.11,0,0,0,0,0.03,2.59,80.21,0.22,12.5,0.14,40,0.08,0.05,5.56,67.48,0,NA,0,NA,0,0,0,0,NA,NA,2.35,NA,NA,0,0,0,0,0,0
"Fabricio Bruno","Cruzeiro","Cruzeiro","RCB",29,0,"2030-12-31",33,3277,3,1.44,0,0.2,9.42,67.93,"Brazil","Brazil","direito",192,90,"sim",7.58,3.84,72.14,3.41,70.97,0.14,0.19,0.63,4.67,6.38,0.69,9,0.25,1,0.03,0.38,0.08,3,0.08,0.04,3,0.08,15,0.41,46.67,20,0,0.11,75,0.05,100,0.05,50,0.03,0.11,75,0.8,55.17,0.47,0.55,0,26.42,0.33,0.49,40.45,86.76,18.65,78.2,1.68,95.08,17.58,95,33.78,92.11,6.62,59.34,22.52,36.82,0.01,0.03,0,0,0.03,100,0.03,5.19,69.84,0.6,40.91,0.33,33.33,0.16,0.05,8.13,69.59,0,NA,0,NA,0,0,0,0,NA,NA,0.99,NA,NA,0,0,0,0,0,0
"Lucas Halter","Vitória","Vitória","RCB, LCB",25,3e+06,"2027-12-31",33,3238,5,3.78,0,0.05,8.76,63.17,"Brazil","Brazil","direito",188,93,"sim",7.03,3.39,66.39,3.14,62.83,0.28,0.33,1.03,4.5,5.39,0.64,7,0.19,1,0.03,0.39,0.14,5,0.14,0.11,3,0.08,21,0.58,38.1,23.81,0,0.08,0,0.03,0,0.06,0,0.03,0.19,85.71,0.69,48,0.75,0.58,0.03,26.16,0.19,0.25,37.22,89.25,15.93,79.41,1.25,97.78,17.09,97.89,33.24,94.57,3.89,45.71,20.95,38.59,0,0.03,0.03,0,0,0,0,4.39,77.22,0.44,6.25,0.22,25,0.11,0.06,6.89,69.35,0,NA,0,NA,0,0,0,0,NA,NA,0.86,NA,NA,0,0,0,0,0,0
"Léo Pereira","Flamengo","Flamengo","LCB",29,0,"2027-12-31",34,3223,4,2.48,1,0.7,8.35,56.52,"Brazil","Brazil","esquerdo",189,79,"sim",5.67,3.02,59.26,2.82,53.47,0.17,0.28,0.53,3.71,6.15,0.59,6,0.17,0,0,0.39,0.11,4,0.11,0.07,2,0.06,18,0.5,38.89,22.222,0.03,0.39,28.57,0.36,30.77,0.03,0,0,0.17,50,0.7,44,0.95,2.09,0.03,57.36,0.5,0.34,72.32,94.05,21.19,86.03,3.57,96.88,37.98,98.38,67.1,96.8,4.83,61.27,18.9,36.07,0.02,0.28,0,0.03,0.03,0,0.14,9.02,83.28,0.81,51.72,0.45,50,0.39,0.11,8.24,76.61,0,NA,0,NA,0,0,0,0,NA,NA,1.73,NA,NA,0.08,0.06,0,0,0,0
"S. Ramos Mingo","Bahia","Bahia","LCB",24,2500000,"2029-12-31",32,3215,0,1.54,0,0.46,9.83,57.55,"Argentina","Argentina, Italy","esquerdo",186,76,"sim",6.38,3.08,66.36,4.45,54.72,0.36,0.55,0.78,3.98,5.99,0.87,8,0.22,1,0.03,0.17,0,0,0,0.04,0,0,12,0.34,33.33,0,0,0.08,33.33,0.08,33.33,0,0,0,0.11,25,0.92,54.55,0.53,1.54,0.25,36.59,0.67,0.56,47.67,90.37,22.37,84.86,3.28,93.16,16.74,96.49,43.59,94.03,4,51.75,18.54,37.31,0.01,0.08,0,0,0.03,0,0.11,6.94,82.26,0.56,35,0.39,28.57,0.11,0.03,9.15,76.15,0,NA,0,NA,0,0,0,0,NA,NA,2.38,NA,NA,0,0,0,0,0,0
"L. Villalba","Cruzeiro","Cruzeiro","LCB",31,2e+06,"2026-12-31",32,3195,1,2.99,0,0.26,10.73,62.47,"Argentina","Argentina","esquerdo",177,73,"sim",7.75,3.75,75.19,3.69,51.15,0.31,0.43,0.62,4.62,6.41,0.76,10,0.28,0,0,0.62,0.03,1,0.03,0.08,0,0,18,0.51,27.78,5.556,0,0.51,33.33,0.42,33.33,0.06,0,0.06,0.48,58.82,1.44,60.78,0.62,2.08,0,27.04,0.37,0.62,42.51,82.64,19.69,70.24,2.79,94.95,16.51,94.88,33.52,91.85,8.48,49.17,22.42,38.5,0.01,0.11,0.03,0,0.03,100,0.08,6.48,66.09,0.9,34.38,0.45,18.75,0.17,0.2,9.94,67.14,0,NA,0,NA,0,0,0,0,NA,NA,0.9,NA,NA,0,0,0,0,0,0
"J. Freytes","Fluminense","Fluminense","LCB",25,8e+05,"2025-12-31",32,3165,0,1.34,2,0.15,9.9,60.63,"Argentina","Argentina","esquerdo",186,81,"sim",5.94,3.53,63.71,3.55,55.2,0.03,0.04,0.45,3.67,5.01,0.63,8,0.23,1,0.03,0.37,0,0,0,0.04,0,0,20,0.57,30,0,0.06,0.2,28.57,0.17,33.33,0.03,0,0.06,0.2,71.43,1.36,50,0.51,0.71,0.14,43.65,0.4,0.48,58.01,86.86,23.46,75.52,3.01,89.62,25.82,96.04,49.08,92.87,8.73,54.4,22.49,41.47,0,0.11,0,0,0.06,0,0.09,7.25,66.27,1,28.57,0.45,25,0.31,0.09,11.09,68.21,0,NA,0,NA,0,0,0,0,NA,NA,1.68,NA,NA,0.06,0.06,0,0,0,0
"Pedro Henrique","Red Bull Bragantino","Red Bull Bragantino","RCB, LCB",30,3500000,"2026-12-31",31,2967,1,1.31,1,0.52,10.65,60.4,"Brazil","Brazil","direito",188,82,"sim",7.22,4.46,59.86,4.03,60.15,0.09,0.12,0.73,4.46,5.75,0.7,6,0.18,0,0,0.24,0.03,1,0.03,0.04,1,0.03,13,0.39,23.08,7.692,0.03,0.21,42.86,0,0,0.21,42.86,0,0.06,100,0.64,61.9,0.49,1,0.09,26.51,0.39,0.64,39.71,84.42,15.62,72.62,2.37,96.15,18.87,92.6,30.61,92.37,8.89,58.02,24.34,39.92,0.02,0.15,0.03,0,0.03,0,0.15,6.22,67.32,1.15,42.11,1.03,50,0.39,0.09,8.89,71.33,0,NA,0,NA,0,0,0,0,NA,NA,1.76,NA,NA,0,0,0,0,0,0
"Vitão","Internacional","Internacional","RCB, LCB",25,8e+06,"2026-12-31",30,2945,0,0.92,0,0.11,7.7,55.95,"Brazil","Brazil","direito",185,78,"sim",5.16,3.12,58.82,3.3,52.78,0.21,0.3,0.34,3.12,4.36,0.64,5,0.15,0,0,0.15,0,0,0,0.03,0,0,10,0.31,20,0,0,0.06,50,0,0,0.06,50,0,0.12,50,0.46,40,0.37,0.86,0.03,30.53,0.37,0.06,43.06,90.63,14.39,77.92,1.77,94.83,23.1,98.02,37.47,94.94,5.53,61.88,21.53,37.79,0,0.03,0,0,0,0,0.03,5.62,72.28,0.55,16.67,0.49,25,0.12,0.03,6.48,75.94,0,NA,0,NA,0,0,0,0,NA,NA,0.73,NA,NA,0,0,0,0,0,0
"Júnior Alonso","Atlético Mineiro","Atlético Mineiro","LCB",32,8e+06,"2025-12-31",30,2797,0,0.96,0,0.15,11.84,64.4,"Paraguay","Paraguay","esquerdo",185,83,"sim",7.75,5.37,70.66,3.76,57.26,0.23,0.33,0.45,3.73,5.41,0.71,6,0.19,2,0.06,0.35,0,0,0,0.03,0,0,12,0.39,25,0,0,0.48,20,0.48,20,0,0,0,0.23,71.43,0.87,51.85,0.55,1.29,0.06,40.13,0.74,0.32,54.15,89.72,21.98,84.04,5.24,95.71,21.33,95.32,48.07,93.64,5.66,61.36,20.21,35.16,0,0.1,0,0,0,0,0.03,8.78,82.78,1.06,33.33,0.26,0,0.26,0.06,10.59,80.55,0,NA,0,NA,0,0,0,0,NA,NA,3.25,NA,NA,0,0,0,0,0,0
"Hugo Moura","Vasco da Gama","Vasco da Gama","LDMF, RCB, LCMF",27,1500000,"2026-12-31",32,2617,0,1.16,1,0.74,10.49,52.79,"Brazil","Brazil","direito",182,79,"sim",6.95,6.43,55.08,1.24,66.67,0.28,0.4,0.41,3.13,4.56,1.44,6,0.21,1,0.03,0.72,0,0,0,0.04,0,0,13,0.45,46.15,0,0.03,0.28,75,0.14,75,0.14,75,0.03,0.48,64.29,1.75,50.98,0.31,0.93,0.14,42.78,0.31,0.48,55.54,92.94,16.85,86.12,5.43,96.2,25.17,96.86,51.96,94.9,3.3,63.54,18.24,37.94,0.03,0.31,0,0.1,0,0,0.07,6.02,87.43,0.58,58.82,0.21,33.33,0.17,0.24,6.22,71.27,0,NA,0,NA,0,0,0,0,NA,NA,1.2,NA,NA,0,0,0,0,0,0
"Zé Marcos","Vitória","Vitória","LCB",27,6e+05,NA,27,2587,0,1.03,1,0,10.44,58.33,"Brazil","Brazil","esquerdo",188,77,"sim",7.27,3.34,63.54,3.93,57.52,0.14,0.16,0.52,5.01,5.78,0.83,6,0.21,0,0,0.35,0,0,0,0.04,0,0,6,0.21,16.67,0,0.03,0.14,25,0.1,0,0,0,0,0.31,88.89,1.36,53.85,0.38,0.77,0,24.7,0.35,0.63,37.26,82.07,16.07,69.91,1.98,91.23,14.89,93.69,31.31,90.22,5.81,39.52,20.74,37.34,0,0,0,0,0,0,0,4.73,56.62,0.45,15.38,0.45,0,0.07,0.03,7.86,61.95,0,NA,0,NA,0,0,0,0,NA,NA,1.08,NA,NA,0,0,0,0,0,0
"Wagner Leonardo","Grêmio","Grêmio","LCB, RCB",26,1500000,"2028-12-31",28,2585,0,1.8,2,0.74,9.37,62.83,"Brazil","Brazil","esquerdo",186,76,"sim",6.72,3.55,70.59,4.07,60.68,0.28,0.34,0.66,3.93,4.8,0.7,3,0.1,0,0,0.24,0,0,0,0.06,0,0,9,0.31,44.44,0,0.07,0,0,0,0,0,0,0,0.14,75,0.63,50,0.49,0.45,0,25.35,0.31,0.17,36.66,89.46,14.17,81.08,1.91,98.18,17.37,95.79,31.33,93.33,5.33,66.67,21.64,35.45,0.03,0.1,0,0,0,0,0.07,2.92,75,0.24,42.86,0.21,16.67,0.17,0,6.89,66.16,0,NA,0,NA,0,0,0,0,NA,NA,1.6,NA,NA,0,0,0,0,0,0
"G. Gómez","Palmeiras","Palmeiras","RCB, CB",32,7500000,"2027-12-31",27,2574,2,2.24,1,0.27,15,61.77,"Paraguay","Paraguay","direito",185,85,"sim",9.06,6.26,73.18,5.94,54.71,0.35,0.49,0.66,4.13,5.79,1.19,7,0.24,0,0,0.56,0.07,2,0.07,0.08,1,0.03,15,0.52,33.33,13.333,0.03,0.7,50,0.21,66.67,0.49,42.86,0,0.14,25,0.59,35.29,0.98,0.56,0,24.3,0.14,0.52,36.99,83.36,14.9,66.67,2.59,98.65,16.29,95.49,29.41,92.03,6.89,49.75,22.09,35.64,0.01,0.14,0,0.03,0,0,0,5.87,57.74,1.22,37.14,0.49,42.86,0.21,0.38,6.64,71.05,0,NA,0,NA,0,0,0,0,NA,NA,1.61,NA,NA,0,0,0,0,0,0
"A. Franco","São Paulo","São Paulo","LCB, CB, RCB",29,3e+06,NA,29,2537,0,0.7,0,0.01,11.03,54.66,"Argentina","Argentina","direito",183,77,"sim",7.88,5.04,63.38,2.7,51.32,0.04,0.05,0.5,4.65,6.27,1.21,6,0.21,0,0,0.18,0,0,0,0.02,0,0,4,0.14,0,0,0,0.04,0,0,0,0.04,0,0,0.35,50,1.74,40.82,0.32,0.53,0.07,34.8,0.39,0.39,49.98,87.86,21.99,78.55,3.37,92.63,19.55,97.1,44.73,92.62,5.21,47.62,19.05,33.5,0,0.04,0,0.04,0,0,0,3.26,68.48,0.18,20,0.04,0,0.11,0,7.84,61.99,0,NA,0,NA,0,0,0,0,NA,NA,1.99,NA,NA,0,0,0,0,0,0
"G. Ávila","Fortaleza","Fortaleza","LCB, LB",24,5e+06,"2028-06-30",26,2496,0,0.8,0,0.09,12.76,58.76,"Argentina","Argentina","esquerdo",182,80,"sim",8.76,5.73,66.67,3.21,52.81,0.61,0.79,0.72,4.33,5.55,0.83,4,0.14,0,0,0.65,0,0,0,0.03,0,0,17,0.61,35.29,0,0,0.87,25,0.69,31.58,0.14,0,0.04,0.22,50,1.95,46.3,0.54,0.69,0,22.57,0.5,0.87,33.61,78.43,15.79,68.26,1.51,95.24,13.81,87.99,23.26,90.08,9.56,54.34,26.25,39.5,0,0.04,0,0,0.14,75,0.04,6.56,54.4,1.48,46.34,0.76,47.62,0.4,0.29,8.44,76.92,0,NA,0,NA,0,0,0,0,NA,NA,0.47,NA,NA,0.36,0.25,28.57,0.11,0,0
"Sabino","São Paulo","São Paulo","LCB",29,1e+06,"2026-12-31",29,2496,2,1.71,0,0.13,14.03,60.67,"Brazil","Brazil","esquerdo",185,88,"sim",10.13,6.02,71.26,4.36,55.37,0.36,0.51,0.69,5.48,7.7,1.33,3,0.11,0,0,0.54,0.07,2,0.07,0.06,1,0.04,14,0.5,50,14.286,0,0.29,12.5,0.29,12.5,0,0,0.07,0.4,63.64,1.8,40,0.5,2.13,0.18,31.26,0.79,0.54,45.11,86.17,20.3,78.15,3.71,95.15,16.19,93.32,39.23,91.73,5.63,50.64,20.68,37.39,0,0.14,0.07,0,0.04,0,0,6.92,71.35,0.69,31.58,0.4,27.27,0.14,0.04,8.87,69.92,0,NA,0,NA,0,0,0,0,NA,NA,1.55,NA,NA,0,0,0,0,0,0
"David Duarte","Bahia","Bahia","RCB",30,1e+06,"2027-12-31",25,2495,1,1.57,1,0.25,9.52,62.5,"Brazil","Brazil","direito",193,89,"sim",6.71,3.43,63.16,4.26,65.25,0.07,0.11,0.69,4.47,6.79,0.72,3,0.11,0,0,0.36,0.04,1,0.04,0.06,1,0.04,15,0.54,33.33,6.667,0.04,0,0,0,0,0,0,0,0.25,71.43,0.79,59.09,0.72,1.62,0,36.9,0.11,0.29,48.59,90.5,19.05,80.87,2.85,97.47,21.07,97.6,43.32,94.84,5.27,54.79,18.89,38.02,0.01,0.07,0,0,0.04,0,0.04,5.56,78.57,0.25,57.14,0.18,40,0.22,0,7.72,69.63,0,NA,0,NA,0,0,0,0,NA,NA,2.13,NA,NA,0.04,0.04,100,0,0,0
"Léo Ortiz","Flamengo","Flamengo","RCB, LCB",29,0,"2028-12-31",26,2398,1,2.16,2,0.1,9.68,61.63,"Brazil","Brazil","direito",185,82,"sim",5.85,2.93,69.23,3.49,59.14,0.23,0.35,0.49,3.6,5.56,0.71,4,0.15,0,0,0.64,0.04,1,0.04,0.08,1,0.04,16,0.6,37.5,6.25,0.08,0.15,75,0,0,0.15,75,0.04,0.34,88.89,1.05,50,0.79,1.76,0.08,51.79,0.75,0.19,67.22,91.46,27.96,84.43,3.3,96.59,29.57,97.08,60.31,94.52,6.76,64.44,19.77,35.33,0,0.11,0.04,0,0.04,0,0.08,9.53,78.74,0.79,42.86,0.68,16.67,0.3,0.11,11.82,81.9,0,NA,0,NA,0,0,0,0,NA,NA,2.25,NA,NA,0,0,0,0.04,0,0
"Alexander Barboza","Botafogo","Botafogo","LCB, RCB",30,2500000,"2026-12-31",24,2377,0,1.74,0,0.07,13.78,57.69,"Argentina","Argentina, Uruguay","esquerdo",193,83,"sim",9.24,5.68,62.67,4.88,64.34,0.34,0.44,0.53,5.34,6.83,1.82,14,0.53,0,0,0.38,0,0,0,0.07,0,0,19,0.72,26.32,0,0,0.15,50,0.04,100,0.11,33.33,0,0.3,37.5,1.33,25.71,0.83,0.83,0,36.27,0.49,0.11,52.78,85.29,23.36,73.58,2.65,95.71,21.54,96.13,44.49,91.49,8.14,52.09,21.54,38.15,0,0.04,0.04,0.04,0.04,0,0,8.03,68.87,0.42,45.45,0.42,45.45,0.08,0.08,9.54,72.22,0,NA,0,NA,0,0,0,0,NA,NA,1.93,NA,NA,0.04,0.04,100,0,0,0
"Marllon","Ceará","Ceará","RCB",33,5e+05,"2026-12-31",25,2361,2,0.48,0,0.01,9,58.47,"Brazil","Brazil","direito",186,75,"sim",6.33,3.51,68.48,3.09,51.85,0.04,0.05,0.46,3.89,4.77,0.69,3,0.11,0,0,0.11,0.08,2,0.08,0.02,2,0.08,6,0.23,33.33,33.333,0,0.04,0,0,0,0.04,0,0,0.08,50,0.72,47.37,0.34,0.19,0,16.93,0.34,0.42,27.64,88.41,10.79,78.45,1.49,94.87,12.66,96.08,23.71,93.09,3.89,60.78,20.38,30,0,0.08,0,0.04,0,0,0,1.98,71.15,0.08,50,0,0,0.04,0,5.37,64.54,0,NA,0,NA,0,0,0,0,NA,NA,1.14,NA,NA,0.04,0,0,0,0,0
"Gustavo Henrique","Corinthians","Corinthians","LCB, CB",32,1e+06,NA,23,2331,3,3.4,0,0.45,9.5,66.26,"Brazil","Brazil","direito",196,86,"sim",6.53,3.32,67.44,4.4,70.18,0,0,0.85,4.29,6.63,0.85,5,0.19,0,0,0.46,0.12,3,0.12,0.13,2,0.08,23,0.89,47.83,13.043,0,0.12,0,0.08,0,0.04,0,0,0.04,100,0.35,66.67,1.27,0.15,0,31.31,0.35,0.27,45.75,91.48,12.86,79.58,2.24,98.28,27.07,97.57,40.93,95.19,4.71,61.48,21.41,37.61,0.02,0.12,0,0,0,0,0.04,3.67,73.68,0.23,16.67,0.15,50,0.19,0,5.68,65.31,0,NA,0,NA,0,0,0,0,NA,NA,1.93,NA,NA,0,0,0,0,0,0
"G. Rodríguez","Red Bull Bragantino","Red Bull Bragantino","LCB",25,1500000,"2029-12-31",23,2307,1,0.74,0,0.02,10.34,62.26,"Uruguay","Uruguay, Italy","direito",185,80,"sim",6.98,4.25,69.72,3,58.44,0.08,0.1,0.7,3.94,5.1,0.7,5,0.2,0,0,0.16,0.04,1,0.04,0.03,1,0.04,9,0.35,33.33,11.111,0,0.16,25,0.16,25,0,0,0,0,0,1.01,26.92,0.31,0.55,0.04,27.35,0.23,0.47,40.77,87.85,16.89,77.14,2.46,93.65,18.1,97.41,34.92,92.85,5.73,59.18,21.94,41.05,0,0.04,0,0,0,0,0,4.25,67.89,0.35,33.33,0.16,75,0.2,0,8.04,68.45,0,NA,0,NA,0,0,0,0,NA,NA,1.79,NA,NA,0.04,0.04,0,0,0,0
"Thiago Silva","Fluminense","Fluminense","RCB",41,1e+06,"2026-06-30",24,2289,1,2.05,0,0.09,7.31,62.9,"Brazil","Brazil, France","direito",181,79,"sim",5.5,2.16,60,3.34,58.82,0.12,0.16,0.59,4.09,5.65,0.35,1,0.04,0,0,0.39,0.04,1,0.04,0.08,0,0,12,0.47,33.33,8.333,0,0.2,60,0,0,0.16,50,0.04,0.2,60,0.55,64.29,0.79,0.55,0,41.25,0.67,0.31,56.78,93.63,21.7,88.59,2.28,96.55,27.84,97.74,51.11,96,5.5,72.14,20.6,39.51,0,0.12,0,0,0.04,0,0.04,4.68,77.31,0.63,50,0.28,42.86,0.2,0.12,8.37,78.87,0,NA,0,NA,0,0,0,0,NA,NA,1.34,NA,NA,0,0,0,0,0,0
"Luan Peres","Santos","Santos","LCB",31,1300000,"2027-12-31",24,2280,0,0.24,0,0,10.86,54.91,"Brazil","Brazil","esquerdo",190,79,"sim",7.3,4.34,60.91,4.07,51.46,0.32,0.43,0.67,4.34,5.96,1.18,6,0.24,0,0,0.16,0,0,0,0.01,0,0,4,0.16,25,0,0,0.2,40,0.2,40,0,0,0,0.2,20,0.91,47.83,0.2,1.07,0,29.84,0.2,0.51,42.83,88.48,18.75,78.95,1.93,100,16.93,96.27,37.34,93.66,5.33,54.07,19.63,34.09,0,0,0,0,0.04,0,0,4.58,67.24,0.36,11.11,0.28,28.57,0.04,0.04,6.63,70.83,0,NA,0,NA,0,0,0,0,NA,NA,1.14,NA,NA,0,0,0,0,0,0
"Rafael Thyere","Sport Recife","Sport Recife","RCB",32,6e+05,"2025-12-31",23,2245,1,1.98,0,0.07,8.54,53.52,"Brazil","Brazil","direito",189,86,"sim",7.22,3.09,58.44,3.97,54.55,0.32,0.41,1.08,5.09,6.44,0.52,2,0.08,0,0,0.08,0.04,1,0.04,0.08,1,0.04,10,0.4,20,10,0,0.08,0,0,0,0.08,0,0.04,0.04,0,0.24,33.33,0.44,0.72,0.04,25.22,0.24,0.32,37.04,87.34,15.23,76.84,1.72,90.7,16.64,96.63,33.39,91.12,3.57,53.93,20.73,37.03,0,0.08,0,0,0.04,0,0,4.25,69.81,0.32,0,0.28,14.29,0,0,6.53,74.23,0,NA,0,NA,0,0,0,0,NA,NA,1.32,NA,NA,0,0,0,0,0,0
"R. Arboleda","São Paulo","São Paulo","CB, RCB",34,1200000,"2027-12-31",23,2224,3,1.58,0,0,9.15,65.04,"Ecuador","Ecuador","direito",187,83,"sim",7.61,3.6,69.66,3.93,65.98,0.36,0.49,0.85,4.73,6.36,0.77,4,0.16,0,0,0.16,0.12,3,0.12,0.06,3,0.12,12,0.49,33.33,25,0,0.04,0,0,0,0,0,0,0,0,0.69,52.94,0.61,0.4,0,31.69,0.28,0.61,45.2,91.58,14.37,80.28,3.12,98.7,24.12,97.48,40.39,96.09,4.78,54.24,20.13,37.07,0,0,0,0,0,0,0,2.83,70,0.12,33.33,0.16,50,0.04,0,5.58,63.77,0,NA,0,NA,0,0,0,0,NA,NA,2.19,NA,NA,0,0,0,0,0,0
"Raniele","Corinthians","Corinthians","DMF, RCMF, LCB",28,3500000,NA,29,2184,2,2.02,1,0.51,14.84,53.33,"Brazil","Brazil","direito",184,78,"sim",8.08,5.73,56.12,3.09,50.67,0.87,1.36,0.58,4,6.3,1.57,7,0.29,0,0,1.11,0.08,2,0.08,0.08,1,0.04,15,0.62,40,13.333,0.04,0.25,33.33,0.12,33.33,0.12,33.33,0.08,1.24,63.33,4.24,59.22,0.74,0.7,0.16,23.61,0.21,1.94,33.63,85.05,12.2,73.99,3.09,96,14.34,92.82,30.91,87.87,2.47,55,18.9,30.49,0.02,0.41,0.04,0.04,0,0,0.21,3.75,72.53,0.66,43.75,0.16,50,0.16,0.08,5.81,64.54,0,NA,0,NA,0,0,0,0,NA,NA,0.33,NA,NA,0,0,0,0,0,0
"A. Giay","Palmeiras","Palmeiras","RB, RCB",21,0,"2030-12-31",28,2132,0,0.39,0,0.86,17.18,56.27,"Argentina","Argentina","direito",180,73,"sim",9.29,8.74,59.42,2.15,58.82,0.72,1.08,0.25,3.38,5.07,1.48,1,0.04,1,0.04,1.27,0,0,0,0.02,0,0,8,0.34,12.5,0,0,1.77,26.19,0.04,0,1.69,27.5,0.25,1.6,47.37,4.47,52.83,0.76,1.35,0.21,29.34,1.6,1.44,38.58,82.49,13.76,73.31,6.42,96.71,13.13,86.5,33.43,89.02,3.5,46.99,19.45,31.17,0.04,0.55,0,0.04,0.08,0,0.17,4.73,72.32,1.94,36.96,0.34,37.5,0.42,0.46,7.18,72.94,0,NA,0,NA,0,0,0,0,NA,NA,1.52,NA,NA,0.04,0,0,0.08,0,0
"Ramon Menezes","Sport Recife","Sport Recife","LCB",30,4e+05,"2025-12-31",23,2089,1,1.9,0,0.01,9.13,63.21,"Brazil","Brazil","direito",186,81,"sim",7.15,3.79,62.5,3.53,69.51,0.39,0.49,0.78,4.39,5.56,0.82,5,0.22,1,0.04,0.26,0.04,1,0.04,0.08,1,0.04,14,0.6,28.57,7.143,0,0,0,0,0,0,0,0,0.13,66.67,0.65,73.33,0.9,0.65,0.04,25.81,0.47,0.39,38.95,90.04,14.43,82.09,1.85,100,18.91,96.81,35.03,94.22,3.92,52.75,20.73,34.54,0,0.09,0,0,0,0,0,2.97,66.67,0.22,0,0.13,0,0.13,0,5.77,65.67,0,NA,0,NA,0,0,0,0,NA,NA,1.12,NA,NA,0,0,0,0,0,0
"N. Ferraresi","São Paulo","São Paulo","RCB, RB",27,3500000,NA,24,2030,0,0.57,3,1.97,16.94,62.04,"Venezuela","Venezuela, Italy","direito",190,80,"sim",10.91,8.6,68.56,3.24,61.64,0.75,1.03,0.35,4.26,5.82,1.55,3,0.13,0,0,1.02,0,0,0,0.03,0,0,8,0.35,12.5,0,0.13,1.15,34.62,0,0,1.15,34.62,0.13,0.84,68.42,2.7,55.74,0.58,2.08,0.13,34.98,1.33,1.11,47.84,85.82,22.92,79.69,3.81,95.35,14.36,90.43,41.36,91.85,5.36,50.41,19.26,33.62,0.09,0.53,0,0,0.09,0,0.35,8.02,77.9,2,42.22,0.49,27.27,0.71,0.35,10.11,76.75,0,NA,0,NA,0,0,0,0,NA,NA,0.84,NA,NA,0,0,0,0,0,0
"David Ricardo","Botafogo","Botafogo","LCB",22,0,"2028-12-31",22,2025,1,0.91,1,0.09,9.91,61.88,"Brazil","Brazil","esquerdo",188,78,"sim",7.6,4.44,64,2.67,66.67,0.31,0.41,0.67,4.44,5.91,1.02,3,0.13,2,0.09,0.36,0.04,1,0.04,0.04,1,0.04,8,0.36,37.5,12.5,0.04,0.27,0,0.18,0,0.04,0,0.09,0.36,50,1.69,47.37,0.53,0.8,0,34.58,0.62,0.76,48.04,88.81,18.62,79.47,3.73,97.62,20.18,95.59,41.64,94.56,6.13,53.62,20.98,36.26,0,0.04,0.04,0.04,0.04,100,0,4.89,70.91,0.53,25,0.18,25,0.18,0.09,7.87,68.36,0,NA,0,NA,0,0,0,0,NA,NA,2.62,NA,NA,0,0,0,0,0,0
"André Ramalho","Corinthians","Corinthians","RCB",33,2500000,"2026-12-31",21,2000,0,1.09,0,0.16,10.35,63.48,"Brazil","Brazil, Italy","direito",182,78,"sim",7.29,4.1,68.13,3.65,58.02,0.09,0.14,0.68,4.41,6.97,0.86,4,0.18,0,0,0.32,0,0,0,0.05,0,0,11,0.5,9.09,0,0,0.18,50,0,0,0.18,50,0,0.14,100,0.72,50,0.54,0.99,0.05,45.63,0.59,0.45,60.98,92.62,21.2,85.14,3.24,97.22,31.9,97.46,56.39,95.53,4.41,57.14,21.19,39.43,0.01,0.09,0.05,0.09,0.05,100,0,6.53,82.07,0.32,42.86,0.23,80,0.05,0.09,10.4,77.92,0,NA,0,NA,0,0,0,0,NA,NA,1.93,NA,NA,0.05,0.05,0,0,0,0
"W. Kannemann","Grêmio","Grêmio","LCB",34,8e+05,"2027-12-31",20,1944,0,0.76,0,0.04,12.45,60.97,"Argentina","Argentina, Italy","esquerdo",183,75,"sim",8.43,4.81,66.35,3.43,66.22,0.42,0.52,0.93,4.81,6.05,1.11,7,0.32,1,0.05,0.28,0,0,0,0.04,0,0,4,0.19,25,0,0,0.05,0,0.05,0,0,0,0,0.42,55.56,1.39,33.33,0.28,0.23,0.09,20.69,0.14,0.6,31.9,87.37,13.47,77.32,1.2,92.31,14.91,96.27,27.5,92.93,4.35,53.19,21.65,39.31,0,0.09,0,0,0,0,0,2.96,64.06,0.42,11.11,0.19,0,0.05,0,6.11,71.21,0,NA,0,NA,0,0,0,0,NA,NA,0.88,NA,NA,0,0,0,0,0,0
"B. Kuščević","Fortaleza","Fortaleza","RCB, LCB",29,1e+06,NA,20,1904,1,1.59,0,0,11.2,59.92,"Chile","Chile, Croatia","direito",186,81,"sim",7.56,5.53,64.96,4.11,57.47,0.19,0.24,0.61,3.78,4.72,1.09,3,0.14,1,0.05,0.19,0.05,1,0.05,0.07,1,0.05,7,0.33,42.86,14.286,0,0.05,0,0,0,0.05,0,0,0.09,50,0.61,30.77,0.43,0.33,0,23.3,0.43,0.09,34.55,86.59,12.81,74.54,2.74,98.28,15.93,95.55,30.54,92.41,3.97,42.86,20.69,35.1,0,0.05,0,0.05,0.05,0,0,3.97,60.71,0.33,14.29,0.28,0,0.14,0,5.29,65.18,0,NA,0,NA,0,0,0,0,NA,NA,2.08,NA,NA,0,0,0,0,0,0
"Zé Ivaldo","Santos","Santos","RCB, LCB",28,3500000,"2026-12-31",20,1890,1,0.83,0,0.42,11.14,61.11,"Brazil","Brazil","direito",185,78,"sim",7.57,4.9,56.31,3.24,73.53,0.38,0.51,0.76,4.43,5.89,1,7,0.33,1,0.05,0.29,0.05,1,0.05,0.04,0,0,13,0.62,15.38,7.692,0,0.19,0,0,0,0.19,0,0,0.19,100,1.48,51.61,0.52,0.67,0.14,25.71,0.43,0.71,37.9,88.57,15.48,79.08,1.95,97.56,17.57,95.12,32.86,93.33,4.86,59.8,21.89,42.42,0.02,0.05,0,0,0,0,0,4,71.43,0.43,22.22,0.14,0,0.19,0.05,6.62,71.94,0,NA,0,NA,0,0,0,0,NA,NA,1.62,NA,NA,0,0,0,0,0,0
"Murilo","Palmeiras","Palmeiras","LCB, RCB",28,1e+07,"2027-12-31",20,1830,1,0.88,1,0.11,12.59,65.63,"Brazil","Brazil","direito",188,78,"sim",8.36,5.41,69.09,3.98,65.43,0.1,0.14,0.49,4.52,6.57,1.43,6,0.3,0,0,0.49,0.05,1,0.05,0.04,1,0.05,11,0.54,27.27,9.091,0.05,0.49,40,0.2,25,0.3,50,0.1,0.34,42.86,1.03,42.86,0.98,0.49,0,31.03,0.44,0.34,44.75,88.02,17.75,78.95,2.56,94.23,21.49,95.19,39.79,91.84,4.57,58.06,21.73,40.03,0.01,0.05,0.05,0,0.05,0,0.1,5.56,72.57,0.89,38.89,0.3,50,0.44,0.2,8.26,74.4,0,NA,0,NA,0,0,0,0,NA,NA,1.38,NA,NA,0,0,0,0,0,0
"Bruno Fuchs","Palmeiras","Palmeiras","RCB, CB",26,2e+06,"2026-06-30",26,1824,2,1.39,0,0.55,12.68,66.15,"Brazil","Brazil","direito",190,85,"sim",9.03,6.37,72.09,3.06,61.29,0.3,0.46,0.49,4.14,6.41,1.28,4,0.2,0,0,0.35,0.1,2,0.1,0.07,2,0.1,6,0.3,66.67,33.333,0,0.69,14.29,0.05,0,0.64,15.38,0.05,0.3,16.67,1.68,58.82,0.69,1.83,0.05,31.78,0.59,0.84,47.62,86.84,18.7,76.78,2.81,96.49,22.45,93.19,39.47,93.13,7.45,60.26,21.93,33.75,0.03,0.25,0.05,0,0,0,0.1,9.42,72.25,1.83,32.43,0.79,18.75,0.44,0.1,9.08,81.52,0,NA,0,NA,0,0,0,0,NA,NA,1.58,NA,NA,0,0,0,0,0,0
"E. Brítez","Fortaleza","Fortaleza","RCB, RB",33,8e+05,"2027-12-31",18,1774,0,0.66,1,0.63,12.33,58.02,"Argentina","Argentina","direito",178,75,"sim",7.66,4.67,59.78,4.26,54.76,0.3,0.39,0.46,4.57,5.9,0.91,9,0.46,0,0,0.41,0,0,0,0.03,0,0,7,0.36,14.29,0,0.05,0.56,27.27,0.05,100,0.51,20,0,0.15,100,1.88,62.16,0.61,0.61,0.05,21.61,0.61,0.91,32.87,83.18,14.46,74.39,1.47,93.1,13.19,90,27.4,89.63,4.97,53.06,20.86,38.08,0.03,0.3,0,0,0.1,50,0.15,5.23,66.02,1.37,37.04,0.61,33.33,0.41,0.15,7.05,73.38,0,NA,0,NA,0,0,0,0,NA,NA,0.61,NA,NA,0,0,0,0,0,0
"F. Angileri","Corinthians","Corinthians","LB, LCB",31,1e+06,NA,27,1771,0,0.13,0,0.46,13.42,53.41,"Argentina","Argentina, Italy","esquerdo",185,84,"sim",8.94,6.2,63.93,2.64,55.77,0.41,0.6,0.56,4.57,6.72,0.86,4,0.2,0,0,1.52,0,0,0,0.01,0,0,6,0.3,16.67,0,0,2.8,30.91,2.8,30.91,0,0,0.41,1.27,48,2.85,32.14,0.76,1.22,0,34.05,1.37,0.2,45.23,81.91,19.97,78.37,4.73,92.47,14.53,85.66,37.96,89.29,4.73,52.69,19.32,33.17,0.02,0.36,0.05,0,0.05,0,0.15,6.05,77.31,2.03,40,0.3,0,0.3,0.76,10.27,70.3,0,NA,0,NA,0,0,0,0,NA,NA,0.61,NA,NA,0.2,0,0,0.1,0,0
"Vitor Hugo","Atlético Mineiro","Atlético Mineiro","CB, LCB",34,1500000,"2026-12-31",22,1763,3,1.89,0,0.03,11.54,65.93,"Brazil","Brazil","esquerdo",187,80,"sim",6.94,4.65,70.33,4.95,68.04,0.41,0.6,0.66,3.27,4.78,0.87,3,0.15,1,0.05,0.36,0.15,3,0.15,0.1,2,0.1,13,0.66,46.15,23.077,0,0,0,0,0,0,0,0,0.05,100,0.51,50,0.66,0.51,0,33.13,0.56,0.26,43.75,91.37,16.03,81.53,3.27,93.75,18.89,98.65,41.35,93.83,2.4,48.94,16.06,32.22,0,0.05,0,0.05,0,0,0,4.65,82.42,0.1,0,0.15,66.67,0.1,0,6.28,73.17,0,NA,0,NA,0,0,0,0,NA,NA,2.4,NA,NA,0,0,0,0,0,0
"J. Juninho","Internacional","Internacional","LCB",30,1e+06,"2026-06-30",19,1695,0,1.43,0,0,10.88,60.98,"Brazil","Brazil","esquerdo",187,80,"sim",7.81,4.73,68.54,3.93,58.11,0.21,0.28,0.8,4.35,5.8,0.74,5,0.27,0,0,0.37,0,0,0,0.08,0,0,11,0.58,36.36,0,0,0.05,0,0.05,0,0,0,0,0.16,100,0.9,52.94,0.58,0.64,0,32.44,0.48,0.58,46.62,89.18,20.39,80.47,2.34,90.91,19.27,98.07,41.52,92.84,5.04,60,20.72,36.05,0,0,0,0,0,0,0,6,81.42,0.37,28.57,0.16,33.33,0.11,0,8.65,73.01,0,NA,0,NA,0,0,0,0,NA,NA,1.33,NA,NA,0,0,0,0,0,0
"Lucas Freitas","Vasco da Gama","Vasco da Gama","LCB",24,450000,"2027-12-31",20,1615,1,0.52,0,0.04,10.03,56.67,"Brazil","Brazil, Portugal","esquerdo",184,76,"sim",7.3,3.9,70,2.62,42.55,0.11,0.16,1,4.46,6.3,1,4,0.22,0,0,0.28,0.06,1,0.06,0.03,0,0,4,0.22,25,25,0,0.33,16.67,0.28,0,0.06,100,0,0.33,50,1.78,46.88,0.33,1.11,0,48.04,0.45,0.67,62.8,92.37,24.3,87.16,4.29,92.21,25.91,96.13,57.4,95.63,5.18,59.14,18.97,32.55,0,0.11,0,0,0,0,0,5.96,81.31,0.5,33.33,0.06,0,0.11,0.06,8.3,74.5,0,NA,0,NA,0,0,0,0,NA,NA,2.51,NA,NA,0,0,0,0,0,0
"Lyanco","Atlético Mineiro","Atlético Mineiro","RCB, CB",28,3e+06,"2028-12-31",17,1606,0,0.78,0,0.15,14.91,60.53,"Brazil","Brazil, Serbia","direito",187,83,"sim",9.36,5.94,66.04,3.53,58.73,0.62,0.96,0.56,4.82,7.52,1.51,8,0.45,2,0.11,0.73,0,0,0,0.04,0,0,11,0.62,27.27,0,0,0.11,0,0.06,0,0.06,0,0,0.84,66.67,2.91,59.62,0.39,0.95,0.17,32.78,0.39,1.18,46.12,89.06,16.81,75.67,4.99,98.88,20.17,97.5,40.57,94.61,5.44,49.48,21.65,39.04,0.01,0.11,0,0,0,0,0.11,7.34,70.23,1.01,27.78,0.45,25,0.34,0,6.84,72.95,0,NA,0,NA,0,0,0,0,NA,NA,3.81,NA,NA,0,0,0,0,0,0
"Cacá","Corinthians","Corinthians","LCB",26,2e+06,"2028-12-31",18,1599,2,1.24,0,0,13,63.2,"Brazil","Brazil","direito",187,77,"sim",6.64,5.07,70,4.45,62.03,0.34,0.55,0.45,2.76,4.48,1.07,3,0.17,0,0,0.39,0.11,2,0.11,0.07,2,0.11,7,0.39,57.14,28.571,0,0.06,0,0,0,0.06,0,0,0.28,60,2.25,60,0.45,1.63,0.06,43.11,0.68,0.96,55.33,94.4,13.79,86.12,2.98,98.11,33.32,97.97,53.19,96.3,2.08,48.65,19.6,33.55,0,0,0,0,0,0,0,2.98,84.91,0.06,100,0,0,0.06,0,4.22,68,0,NA,0,NA,0,0,0,0,NA,NA,1.69,NA,NA,0,0,0,0,0,0
"João Victor","CSKA Moskva","Vasco da Gama","RCB",27,5e+06,"2029-06-30",16,1594,1,1.53,0,0.2,11.86,65.24,"Brazil","Brazil","direito",187,80,"sim",8.98,5.08,72.22,3.73,66.67,0.06,0.08,0.62,5.25,7.38,0.62,3,0.17,0,0,0.4,0.06,1,0.06,0.09,1,0.06,10,0.56,40,10,0,0.23,25,0,0,0.23,25,0,0.45,25,1.24,40.91,0.73,0.73,0.11,40.99,0.73,0.62,53.92,90.68,20.89,81.08,4.8,97.65,22.25,98.48,50.03,94.7,3.67,40,20.33,35.43,0.01,0.06,0,0,0,0,0.06,6.44,78.07,0.28,40,0.23,25,0.17,0.06,8.07,73.43,0,NA,0,NA,0,0,0,0,NA,NA,2.88,NA,NA,0,0,0,0,0,0
"W. Ángel","Juventude","Juventude","LCB, RCB",32,250000,"2025-12-31",18,1586,1,0.99,0,0,9.53,61.31,"Venezuela","Venezuela","direito",188,84,"sim",8.34,3.86,60.29,4.6,67.9,0.28,0.34,1.7,5.73,6.95,1.53,5,0.28,0,0,0.4,0.06,1,0.06,0.06,1,0.06,10,0.57,60,10,0,0,0,0,0,0,0,0,0.11,50,0.23,25,0.62,0.28,0,21.22,0.34,0.23,32.74,88.21,13.96,78.86,1.99,100,14.53,94.92,29.11,93.76,3.63,43.75,21.12,36.23,0,0,0,0.06,0,0,0,2.55,57.78,0.28,20,0,0,0.06,0,4.77,61.9,0,NA,0,NA,0,0,0,0,NA,NA,1.65,NA,NA,0,0,0,0,0,0
"Danilo","Flamengo","Flamengo","RCB",34,1e+07,"2026-12-31",20,1548,1,1.51,1,0.61,7.97,53.28,"Brazil","Brazil","direito",184,78,"sim",5.06,2.85,53.06,2.97,50.98,0.17,0.31,0.35,3.37,5.96,0.93,2,0.12,1,0.06,0.76,0.06,1,0.06,0.09,1,0.06,7,0.41,42.86,14.286,0.06,0.76,61.54,0,0,0.76,61.54,0,0.06,100,0.52,55.56,0.58,2.67,0,62.5,0.87,0.41,79.65,93.8,28.02,87.97,4.48,93.51,38.6,97.74,72.38,96.95,6.57,62.83,20.44,37.15,0.04,0.41,0.12,0.06,0.06,100,0.17,12.73,84.93,1.86,68.75,1.1,52.63,0.81,0.47,14.01,86.31,0,NA,0,NA,0,0,0,0,NA,NA,2.56,NA,NA,0,0,0,0,0,0
"Rodrigo Sam","Juventude","Juventude","CB, LCB, RCB",30,50000,"2026-12-31",17,1536,1,1.09,0,0.03,13.95,57.98,"Brazil","Brazil","direito",187,86,"sim",8.79,5.33,56.04,4.22,62.5,0.35,0.49,0.59,5.45,7.66,1.88,8,0.47,0,0,0.47,0.06,1,0.06,0.06,1,0.06,8,0.47,37.5,12.5,0,0,0,0,0,0,0,0,0.35,83.33,2.81,58.33,0.59,0.35,0,22.03,0.12,1.29,35.51,90.43,11.72,79.5,3.46,98.31,16.93,96.19,33.75,92.71,1.76,46.67,19.87,29.38,0,0.06,0,0,0,0,0,2.52,58.14,0.18,66.67,0.06,100,0.12,0,3.93,62.69,0,NA,0,NA,0,0,0,0,NA,NA,1.76,NA,NA,0,0,0,0,0,0
"Marcos Paulo","Juventude","Juventude","LCB",22,0,"2025-12-31",19,1524,0,0.52,0,0,12.46,54.5,"Brazil","Brazil","esquerdo",0,0,"sim",8.03,5.43,53.26,3.54,71.67,0.47,0.62,0.89,4.67,6.12,1.59,7,0.41,1,0.06,0.41,0,0,0,0.03,0,0,6,0.35,66.67,0,0,0.12,50,0.06,0,0.06,100,0,0.35,33.33,1.65,28.57,0.65,1.06,0.18,27.28,0.59,0.18,40.93,84.42,19.13,75.93,3.72,88.89,14.11,94.56,35.55,89.7,5.26,49.44,21.32,37.48,0,0.06,0,0.12,0,0,0,4.84,74.39,0.53,33.33,0.59,50,0.24,0.06,8.5,67.36,0,NA,0,NA,0,0,0,0,NA,NA,2.48,NA,NA,0,0,0,0,0,0
"S. Arias","Bahia","Bahia","RB, RCB",33,2500000,"2025-12-31",20,1499,0,0.29,0,0.5,10.57,55.11,"Colombia","Colombia","direito",177,70,"sim",6.78,5.34,61.8,1.86,38.71,0.24,0.38,0.24,3.24,5.08,0.6,3,0.18,0,0,1.32,0,0,0,0.02,0,0,8,0.48,37.5,0,0,1.98,42.42,0,0,1.98,42.42,0.3,0.42,71.43,1.8,53.33,0.6,1.8,0.24,41.19,1.68,1.02,52.6,87.21,23.42,84.62,6.24,93.27,14.77,90.65,48.27,91.29,2.46,43.9,17.06,24.71,0.03,0.36,0.06,0,0,0,0.3,6.84,90.35,1.86,51.61,0.12,0,0.3,0.72,10.63,77.4,0,NA,0,NA,0,0,0,0,NA,NA,0.9,NA,NA,0,0,0,0,0,0
"Abner","Juventude","Juventude","RCB",21,0,"2027-12-31",19,1470,0,0.41,1,0.17,10.65,62.07,"Brazil","Brazil","direito",189,75,"sim",8.57,5.14,54.76,3.43,75,0.61,0.71,0.67,5.14,6,1.04,3,0.18,0,0,0.18,0,0,0,0.02,0,0,2,0.12,50,0,0.06,0,0,0,0,0,0,0,0.18,66.67,0.73,41.67,0.49,0.18,0,22.16,0.24,0.31,34.65,86.57,14.69,75,2.14,91.43,15.12,96.36,29.39,93.13,5.27,50,22.57,40.71,0.01,0.18,0,0,0,0,0.06,4.04,54.55,0.31,20,0.37,33.33,0.06,0,5.51,65.56,0,NA,0,NA,0,0,0,0,NA,NA,1.59,NA,NA,0,0,0,0,0,0
"Micael","Palmeiras","Palmeiras","LCB",25,850000,"2029-12-31",16,1442,0,0.42,1,0.23,14.73,60.59,"Brazil","Brazil","esquerdo",183,82,"sim",8.74,7.24,69.83,4.56,54.79,0.06,0.09,0.5,3.62,5.42,1.69,4,0.25,0,0,0.31,0,0,0,0.03,0,0,3,0.19,33.33,0,0.06,0.12,50,0.12,50,0,0,0,0.19,100,0.81,53.85,0.69,1.12,0,31.46,0.25,0.19,44.38,90.72,15.54,79.92,2.87,95.65,21.78,97.13,39.76,95.45,4.49,50,19.86,37.34,0.01,0.25,0,0,0,0,0.19,5.68,73.63,0.37,33.33,0.19,33.33,0.19,0.06,5.87,71.28,0,NA,0,NA,0,0,0,0,NA,NA,1.87,NA,NA,0,0,0,0,0,0
"Gustavo Martins","Grêmio","Grêmio","RB, RCB",23,3e+06,"2027-12-31",18,1418,1,2.17,0,0.11,14.34,57.96,"Brazil","Brazil","direito",191,77,"sim",8.57,5.84,61.96,5.33,63.1,0.19,0.23,0.44,4.76,5.64,1.33,4,0.25,0,0,0.89,0.06,1,0.06,0.14,1,0.06,15,0.95,53.33,6.667,0,0.06,100,0,0,0.06,100,0,0.63,50,2.09,39.39,1.33,0.32,0.19,23.55,0.38,0.13,33.64,87.92,14.28,82.22,2.41,89.47,12.31,93.3,30.78,90.31,2.79,61.36,17.96,31.1,0.01,0.13,0,0,0,0,0.13,2.92,76.09,0.06,100,0,0,0.13,0.06,5.71,63.33,0,NA,0,NA,0,0,0,0,NA,NA,0.44,NA,NA,0,0,0,0,0,0
"Luan Cândido","Sport Recife","Sport Recife","LB, LCB",24,7e+06,"2026-12-31",15,1415,1,1.11,0,0.33,11.32,53.37,"Brazil","Brazil","esquerdo",184,76,"sim",8.33,4.9,53.25,2.99,78.72,0.13,0.16,0.64,5.6,7.1,1.27,2,0.13,0,0,0.89,0.06,1,0.06,0.07,0,0,10,0.64,50,10,0,0.76,41.67,0.76,41.67,0,0,0.13,0.32,80,2.29,27.78,1.08,1.08,0,21.88,1.46,0.38,30.59,82.54,13.1,73.3,4.33,94.12,8.46,90.98,27.35,88.84,2.54,27.5,18.73,29.68,0.02,0.45,0.06,0,0.06,0,0.06,4.13,69.23,0.64,60,0.38,16.67,0.06,0.19,5.28,60.24,0,NA,0,NA,0,0,0,0,NA,NA,0.19,NA,NA,0.06,0.06,0,0,0,0
"Robert Renan","Vasco da Gama","Vasco da Gama","LCB",22,0,"2028-06-30",15,1408,0,0.47,0,0.03,11.19,58.29,"Brazil","Brazil","esquerdo",186,78,"sim",7.8,4.41,65.22,3.39,69.81,0.26,0.36,0.96,4.67,6.58,1.02,2,0.13,0,0,0.51,0,0,0,0.03,0,0,6,0.38,16.67,0,0,0.89,28.57,0.83,30.77,0.06,0,0.06,0.32,40,1.53,41.67,0.26,1.28,0,44.55,0.26,0.38,57.85,88.4,25.44,81.41,4.03,95.24,19.75,93.53,49.67,94.21,7.29,56.14,19.91,41.69,0,0.06,0,0.13,0.13,50,0.06,8.18,71.09,1.66,30.77,0.64,20,0.06,0.26,10.16,75.47,0,NA,0,NA,0,0,0,0,NA,NA,1.98,NA,NA,0,0,0,0.06,0,0
"Marcos Victor","Ceará","Ceará","RCB",23,0,"2027-12-31",14,1393,0,1.05,1,0.24,8.79,52.21,"Brazil","Brazil","direito",184,71,"sim",7.43,3.04,70.21,2.78,44.19,0.13,0.15,0.39,5.17,6.15,0.39,0,0,0,0,0.52,0,0,0,0.07,0,0,4,0.26,0,0,0.06,0.19,100,0,0,0.19,100,0.06,0.39,83.33,2.07,34.38,0.52,1.29,0,18.8,0.84,0.39,28.94,88.62,12.02,80.65,1.68,92.31,12.08,96.79,24.55,93.16,4.2,61.54,20.35,34.22,0.02,0.19,0,0,0,0,0.06,3.23,70,0.71,54.55,0.19,33.33,0.26,0.19,4.59,73.24,0,NA,0,NA,0,0,0,0,NA,NA,0.84,NA,NA,0,0,0,0,0,0
"E. Noriega","Grêmio","Grêmio","RCB, CB, RDMF",24,4e+05,"2028-12-31",14,1344,0,0.69,0,0.19,8.71,55.38,"Peru","Peru","direito",185,78,"sim",7.37,2.95,56.82,2.41,55.56,0.33,0.42,1.07,5.36,6.78,1.07,3,0.2,0,0,0.33,0,0,0,0.05,0,0,6,0.4,0,0,0,0.27,50,0,0,0.27,50,0,0.27,75,1.54,56.52,0.47,0.33,0,25.71,0.33,0.67,37.83,90.27,14.33,81.31,2.41,100,17.68,95.45,32.41,95.45,5.16,59.74,22.19,40,0.01,0.4,0,0,0,0,0,4.69,72.86,0.47,57.14,0.2,33.33,0.2,0.13,6.43,77.08,0,NA,0,NA,0,0,0,0,NA,NA,1.47,NA,NA,0,0,0,0,0,0
"Camutanga","Vitória","Vitória","CB, RCB",32,5e+05,"2025-12-31",14,1323,0,0.37,0,0,10.61,55.77,"Brazil","Brazil","direito",189,80,"sim",8.3,4.69,62.32,4.15,52.46,0.41,0.5,0.34,4.97,6.12,1.43,6,0.41,0,0,0.14,0,0,0,0.03,0,0,5,0.34,40,0,0,0,0,0,0,0,0,0,0.07,0,0.75,36.36,0.34,0.14,0,14.56,0.14,0.41,25.1,84.55,9.25,72.06,1.22,100,12.04,93.79,22.52,89.73,2.59,39.47,20.13,34.73,0,0,0,0,0,0,0,2.52,56.76,0.41,33.33,0.14,0,0.07,0,4.83,57.75,0,NA,0,NA,0,0,0,0,NA,NA,1.09,NA,NA,0.2,0.2,33.33,0,0,0
"Ignácio","Fluminense","Fluminense","RCB",29,1500000,"2028-06-30",19,1297,0,0.44,0,0.11,14.78,62.44,"Brazil","Brazil","direito",190,92,"sim",7.98,6.11,65.91,4.09,64.41,0,0,0.69,3.96,5.15,1.73,2,0.14,1,0.07,0.49,0,0,0,0.03,0,0,5,0.35,60,0,0,0,0,0,0,0,0,0,0.28,100,2.29,48.48,0.69,0.35,0,34.63,0.35,1.25,46.01,89.14,15.34,75.57,3.05,97.73,22.27,97.51,42.54,93.15,3.47,40,17.55,29.42,0.01,0.07,0,0,0,0,0.07,2.91,61.9,0.35,0,0.14,0,0.14,0,5.27,57.89,0,NA,0,NA,0,0,0,0,NA,NA,1.87,NA,NA,0,0,0,0,0,0
"Ruan Tressoldi","Atlético Mineiro","Atlético Mineiro","RCB, CB",26,2500000,"2026-06-30",15,1292,1,0.41,0,0.03,12.19,54.86,"Brazil","Brazil","direito",187,78,"sim",6.48,4.04,56.9,5.02,58.33,0.07,0.1,0.84,4.11,5.84,1.18,5,0.35,0,0,0.21,0.07,1,0.07,0.03,1,0.07,3,0.21,66.67,33.333,0,0,0,0,0,0,0,0,0.49,14.29,1.6,39.13,0.42,0.28,0,20.69,0.21,0.63,31.14,89.71,11.98,84.3,2.93,92.86,12.75,96.72,28.77,91.77,2.37,64.71,19.13,29.86,0,0.14,0,0,0,0,0,3.07,84.09,0,0,0.07,100,0,0,5.02,62.5,0,NA,0,NA,0,0,0,0,NA,NA,2.37,NA,NA,0,0,0,0,0,0
"Tchoca","Corinthians","Corinthians","RCB",21,0,"2026-12-31",15,1290,0,1.16,1,0.34,9.7,58.27,"Brazil","Brazil","direito",192,81,"sim",7.53,4.95,63.38,3.07,54.55,0,0,0.84,4.4,6.59,1.12,4,0.28,0,0,0.28,0,0,0,0.08,0,0,6,0.42,33.33,0,0.07,0.14,50,0,0,0.14,50,0.07,0.07,100,0.7,50,0.7,1.05,0.07,29.16,0.35,0.28,42.28,89.44,17.37,80.72,4.12,94.92,16.6,97.48,38.02,93.39,4.12,54.24,20.55,28.95,0.02,0.28,0,0,0,0,0.21,3.98,78.95,0.42,33.33,0,0,0.28,0.14,7.19,73.79,0,NA,0,NA,0,0,0,0,NA,NA,3,NA,NA,0,0,0,0,0,0
"Luan Freitas","Juventude","Juventude","RCB",24,1e+05,"2025-12-31",14,1245,0,0.19,1,0.22,8.53,62.71,"Brazil","Brazil, Portugal","direito",184,75,"sim",7.88,5.35,71.62,2.17,46.67,0.43,0.54,0.72,3.61,4.46,0.94,0,0,0,0,0,0,0,0,0.01,0,0,3,0.22,0,0,0.07,0,0,0,0,0,0,0,0.07,0,0.36,60,0.29,0.65,0,23.42,0.14,0.22,33.76,90.15,12,82.53,3.61,98,15.69,96.31,30.29,93.56,3.47,60.42,21.43,33.96,0.02,0.29,0,0.07,0,0,0.07,4.05,71.43,0.22,33.33,0.22,33.33,0.07,0,6.29,73.56,0,NA,0,NA,0,0,0,0,NA,NA,2.89,NA,NA,0,0,0,0,0,0
"Victor Gabriel","Internacional","Internacional","LCB, LB",21,50000,"2027-12-31",14,1229,2,0.74,0,0.01,13.03,56.74,"Brazil","Brazil","esquerdo",182,74,"sim",9.15,5.86,61.25,4.17,64.91,0.44,0.53,0.66,5.13,6.21,1.61,1,0.07,0,0,0.51,0.15,2,0.15,0.05,2,0.15,6,0.44,50,33.333,0,0.37,0,0.37,0,0,0,0.07,0.29,100,1.61,50,0.59,0.51,0,33.47,0.51,0.29,46.79,86.38,19.41,76.23,3.52,91.67,18.6,94.49,41.01,91.61,5.42,52.7,19.14,34.19,0,0.15,0,0,0,0,0,3.81,71.15,0.37,20,0.07,100,0,0,8.2,60.71,0,NA,0,NA,0,0,0,0,NA,NA,1.61,NA,NA,0,0,0,0,0,0
"Edu","Vitória","Vitória","RCB, RB",25,5e+05,"2028-12-31",20,1223,0,0.42,0,0.38,13.32,62.43,"Brazil","Brazil","direito",185,88,"sim",9.79,6.62,75.56,4.05,49.09,0.07,0.09,0.52,4.71,5.61,0.81,2,0.15,0,0,0.22,0,0,0,0.03,0,0,4,0.29,25,0,0,0,0,0,0,0,0,0,0.15,100,1.62,31.82,0.52,0.07,0,13.83,0.22,0.37,25.39,78.26,12.51,65.29,1.69,100,9.49,92.25,21.12,86.06,4.27,39.66,20.58,31.97,0.03,0.29,0.07,0,0,0,0.07,3.83,67.31,0.15,50,0.15,50,0.07,0,6.4,57.47,0,NA,0,NA,0,0,0,0,NA,NA,1.1,NA,NA,0,0,0,0,0,0
"Gabriel Mercado","Internacional","Internacional","CB, RCB, LCB",38,250000,"2025-12-31",13,1223,0,0.37,0,0.1,8.02,63.3,"Argentina","Argentina, Spain","direito",181,85,"sim",6.18,3.16,69.77,2.21,60,0.59,0.81,0.66,3.39,4.63,0.96,4,0.29,0,0,0.37,0,0,0,0.03,0,0,2,0.15,50,0,0,0.07,100,0.07,100,0,0,0,0.22,100,1.03,71.43,0.29,0.88,0,29.22,0.15,0.74,41.87,90.33,15.31,79.33,1.4,89.47,21.27,96.54,36.57,95.77,5.22,52.11,20.23,35.44,0.01,0.07,0.15,0,0,0,0,4.05,67.27,0.59,25,0.37,20,0.15,0.07,6.4,68.97,0,NA,0,NA,0,0,0,0,NA,NA,1.18,NA,NA,0.07,0,0,0,0,0
"C. Cuesta","Vasco da Gama","Vasco da Gama","RCB",26,6e+06,"2026-06-30",13,1203,1,1.03,1,0.15,9.95,54.14,"Colombia","Colombia","direito",179,81,"sim",7.03,4.94,57.58,2.77,51.35,0.15,0.2,0.37,4.04,5.51,1.42,3,0.22,0,0,0.45,0.07,1,0.07,0.08,0,0,4,0.3,25,25,0.07,0.6,37.5,0,0,0.6,37.5,0.07,0.3,50,1.05,42.86,0.37,0.97,0,29.85,0.52,0.22,39.88,90.06,17.06,84.21,3.59,97.92,14.21,94.74,35.84,94.15,3.52,55.32,18.52,33.49,0.01,0.07,0.07,0,0,0,0.07,4.86,80,0.45,50,0.15,0,0.07,0.22,6.88,73.91,0,NA,0,NA,0,0,0,0,NA,NA,1.87,NA,NA,0,0,0,0,0,0
"Chico","Hapoel Tel Aviv","Sport Recife","LCB, LB",27,5e+05,"2026-12-31",13,1195,0,0.55,0,0.15,12.35,53.66,"Brazil","Brazil","esquerdo",188,80,"sim",8.36,4.52,71.67,4.22,44.64,0.08,0.1,0.68,5.05,6.59,0.6,1,0.08,0,0,0.38,0,0,0,0.04,0,0,7,0.53,14.29,0,0,0.15,100,0.15,100,0,0,0,0.23,66.67,2.03,33.33,0.53,0.68,0.08,25.83,0.9,0.45,40.67,83.33,17.25,70.74,3.01,92.5,14.76,91.84,35.17,88.44,5.35,49.3,20.04,34.4,0.01,0.23,0,0,0.15,0,0.08,5.8,66.23,0.83,27.27,0.45,0,0.08,0.15,7.61,73.27,0,NA,0,NA,0,0,0,0,NA,NA,1.36,NA,NA,0,0,0,0,0,0
"A. Frías","Santos","Santos","RCB",27,5e+06,"2028-12-31",12,1140,0,0.41,0,0.2,11.13,58.87,"Argentina","Argentina","direito",180,78,"sim",7.11,5.13,63.08,3.71,61.7,0.08,0.11,0.47,3.79,5.43,1.34,2,0.16,0,0,0.24,0,0,0,0.03,0,0,6,0.47,33.33,0,0,0.16,50,0,0,0.16,50,0.08,0.24,0,1.26,62.5,0.55,1.26,0.08,24.32,0.39,0.47,36.08,92.34,16.18,87.32,1.97,96,15.08,96.34,32.84,95.43,3.08,61.54,20.86,36.31,0.02,0.39,0.08,0,0,0,0,5.13,81.54,0.79,40,0.16,50,0.24,0.08,6.16,76.92,0,NA,0,NA,0,0,0,0,NA,NA,1.18,NA,NA,0,0,0,0,0,0
"Gustavo Mancha","Olympiacos Piraeus","Fortaleza","LCB",21,0,"2029-06-30",13,1127,0,0.24,0,0.08,9.66,63.64,"Brazil","Brazil","unknown",0,0,"sim",7.19,4.31,77.78,2,56,0.32,0.41,0.24,3.51,4.47,0.4,2,0.16,1,0.08,0.4,0,0,0,0.02,0,0,6,0.48,33.33,0,0,0.08,100,0.08,100,0,0,0,0.16,100,0.96,58.33,0.48,1.12,0,29.79,0.56,0.72,42.88,85.85,18.21,71.93,4.15,100,16.37,97.07,35.38,92.78,7.43,52.69,23.16,42.17,0.01,0.08,0,0,0,0,0,7.43,56.99,0.8,30,0.64,25,0.16,0.08,9.18,79.13,0,NA,0,NA,0,0,0,0,NA,NA,2.72,NA,NA,0,0,0,0,0,0
"Renzo Saravia","Atlético Mineiro","Atlético Mineiro","RCB, RB",32,2500000,"2025-12-31",18,1125,0,0.16,0,0.03,14.8,50.81,"Argentina","Argentina","direito",178,73,"sim",7.36,7.36,56.52,2.24,32.14,0.56,0.78,0.32,2.64,3.69,1.68,2,0.16,0,0,0.72,0,0,0,0.01,0,0,6,0.48,16.67,0,0,1.04,7.69,0,0,1.04,7.69,0.24,0.8,70,3.68,54.35,0.4,1.92,0.48,28.72,0.96,0.96,37.92,86.71,14.4,82.22,4.88,95.08,11.6,87.59,33.52,92.84,3.36,50,18.53,22.41,0,0.32,0,0,0.08,0,0,6.48,82.72,1.04,23.08,0.32,0,0.4,0.16,5.44,66.18,0,NA,0,NA,0,0,0,0,NA,NA,1.6,NA,NA,0,0,0,0,0,0
"Jair Cunha","Nottingham Forest","Botafogo","RCB",20,0,"2030-06-30",11,1112,0,0.84,0,0.26,10.76,65.41,"Brazil","Brazil","direito",198,81,"sim",7.12,4.45,70.91,2.51,77.42,0,0,0.65,3.97,5.09,0.32,0,0,0,0,0.57,0,0,0,0.07,0,0,6,0.49,16.67,0,0,0.24,66.67,0,0,0.24,66.67,0,0.32,100,1.7,52.38,0.65,0.89,0,35.85,0.32,0.57,50.02,88.67,20.96,79.92,4.69,94.83,20.07,95.16,44.76,92.77,5.02,53.23,20.22,35.85,0.02,0.24,0,0,0,0,0.08,4.45,65.45,0.57,42.86,0.24,0,0.24,0.16,8.42,70.19,0,NA,0,NA,0,0,0,0,NA,NA,3.24,NA,NA,0,0,0,0,0,0
"Gabriel Xavier","Bahia","Bahia","RCB, CB",24,2500000,"2029-12-31",13,1094,0,0.22,0,0,11.44,61.15,"Brazil","Brazil","direito",190,85,"sim",7.24,4.52,54.55,4.85,69.49,0.25,0.37,0.58,4.52,6.71,1.97,4,0.33,0,0,0,0,0,0,0.02,0,0,2,0.16,0,0,0,0,0,0,0,0,0,0,0,0,0.49,50,0.33,0.08,0,34.06,0.25,0.49,48.13,90.43,15.55,75.13,3.29,100,25.26,99.02,42.61,94.02,5.51,62.69,23.34,34.44,0,0,0,0,0,0,0.08,2.96,72.22,0.25,33.33,0.33,100,0.08,0,4.94,55,0,NA,0,NA,0,0,0,0,NA,NA,3.13,NA,NA,0,0,0,0,0,0
"João Silva","Sport Recife","Sport Recife","RCB",26,1500000,"2027-12-31",13,1038,0,0.3,0,0.12,12.83,52.7,"Portugal","Portugal","direito",189,82,"sim",6.16,4.34,60,5.12,54.24,0.09,0.12,0.52,3.47,4.76,0.95,1,0.09,0,0,0.26,0,0,0,0.03,0,0,3,0.26,33.33,0,0,0.17,0,0,0,0.17,0,0.09,0.26,66.67,1.39,25,0.43,0.87,0,27.57,0.26,0.26,40.32,86.67,18.03,77.4,2.51,93.1,16.47,97.89,34.16,92.89,5.98,53.62,22.96,34.91,0.01,0.09,0,0,0,0,0.09,5.98,72.46,0.43,60,0.61,14.29,0.26,0,8.15,74.47,0,NA,0,NA,0,0,0,0,NA,NA,1.91,NA,NA,0,0,0,0,0,0
"Kaio","Botafogo","Botafogo","RCB",30,1800000,"2027-06-30",11,1032,0,0.65,0,0,12.65,57.93,"Brazil","Brazil","direito",186,80,"sim",6.72,4.36,60,4.62,58.49,0,0,0.26,4.1,5.26,0.96,0,0,0,0,0.78,0,0,0,0.06,0,0,8,0.7,25,0,0,0.09,0,0,0,0.09,0,0,1.13,53.85,2.09,50,1.13,1.4,0.26,34.71,0.44,0.78,47.27,90.04,18.49,80.19,4.62,98.11,18.4,95.73,43.69,94.01,3.49,42.5,19.31,40.05,0,0,0,0,0,0,0,5.15,74.58,0.44,0,0.17,0,0,0,6.28,65.28,0,NA,0,NA,0,0,0,0,NA,NA,3.05,NA,NA,0,0,0,0,0,0
"Marçal","Botafogo","Botafogo","RCB, LB",36,6e+05,"2025-12-31",14,1030,4,1.31,0,0.43,12.58,53.47,"Brazil","Brazil","esquerdo",178,72,"sim",9.17,4.89,66.07,4.02,52.17,0.61,0.75,0.7,5.33,6.56,1.57,4,0.35,0,0,0.52,0.35,4,0.35,0.11,3,0.26,6,0.52,66.67,66.667,0,0.26,33.33,0.26,33.33,0,0,0,0.17,50,1.83,33.33,0.87,0.87,0,36.96,0.87,0.79,50.68,88.45,21.5,80.49,4.19,97.92,18.79,93.02,45.44,93.85,4.98,42.11,19.12,31.76,0.04,0.35,0,0,0,0,0,6.82,67.95,0.7,37.5,0.35,0,0.17,0.17,7.34,71.43,0,NA,0,NA,0,0,0,0,NA,NA,1.57,NA,NA,0.09,0,0,0.26,0,0
"Gustavo Marques","Red Bull Bragantino","Red Bull Bragantino","LCB, RCB",24,0,"2028-06-30",13,909,1,1.09,0,0.33,12.67,61.72,"Brazil","Brazil","direito",189,85,"sim",7.52,4.95,62,4.95,64,0.2,0.3,0.79,4.26,6.35,1.19,2,0.2,0,0,0.3,0.1,1,0.1,0.11,1,0.1,10,0.99,30,10,0,0.1,0,0.1,0,0,0,0.1,0,0,1.19,58.33,1.39,0.79,0,32.87,0.3,0.89,45.94,90.3,14.65,79.05,2.77,96.43,23.96,96.69,41.88,94.33,3.96,50,25.09,35.48,0.03,0.1,0,0.1,0,0,0.1,4.16,69.05,0.1,0,0.2,0,0.2,0,5.84,69.49,0,NA,0,NA,0,0,0,0,NA,NA,2.18,NA,NA,0,0,0,0,0,0
"Jemerson","Grêmio","Grêmio","RCB",33,1700000,"2026-12-31",9,864,1,0.83,0,0,14.27,59.12,"Brazil","Brazil, Monaco","direito",184,77,"sim",9.06,7.5,70.83,4.9,48.94,0.31,0.39,0.31,3.44,4.27,1.46,3,0.31,0,0,0.1,0.1,1,0.1,0.09,0,0,3,0.31,33.33,33.333,0,0,0,0,0,0,0,0,0,0,0.83,62.5,0.63,1.25,0,21.56,0,0.31,34.9,87.16,10.1,71.13,3.96,100,17.08,94.51,30.63,92.52,4.27,48.78,20.92,33.17,0,0,0,0,0,0,0,4.17,62.5,0.21,50,0.1,100,0.1,0,4.79,63.04,0,NA,0,NA,0,0,0,0,NA,NA,3.23,NA,NA,0,0,0,0,0,0
"Alix Vinicius","RB Bragantino II","Red Bull Bragantino","RCB, LCB",26,1e+06,"2027-12-31",10,855,0,0.71,0,0.11,11.26,57.94,"Brazil","Brazil","direito",195,76,"sim",7.89,5.16,65.31,3.47,57.58,0.11,0.15,0.42,4.42,6.46,1.47,4,0.42,0,0,0.21,0,0,0,0.07,0,0,5,0.53,20,0,0,0.11,0,0,0,0.11,0,0,0.21,50,0.84,50,0.74,0.84,0,29.05,0.32,0.32,43.47,87.65,17.05,76.54,2.84,96.3,20.53,95.9,37.79,93.59,5.68,48.15,21.53,33.99,0.01,0.21,0,0,0,0,0.11,6.11,68.97,1.05,40,0.42,0,0.42,0.11,7.37,74.29,0,NA,0,NA,0,0,0,0,NA,NA,2.32,NA,NA,0,0,0,0,0,0
"Clayton Sampaio","Internacional","Internacional","RCB",25,1e+06,"2028-12-31",11,849,0,0.52,0,0,12.93,54.92,"Brazil","Brazil","direito",187,81,"sim",9.86,5.62,71.7,4.56,48.84,0.53,0.68,0.95,5.3,6.79,1.48,2,0.21,0,0,0.32,0,0,0,0.05,0,0,7,0.74,28.57,0,0,0.21,50,0,0,0.21,50,0,0,0,0.85,37.5,0.53,0.74,0.11,32.97,0.32,0.11,46.33,89.7,17.07,79.5,4.24,97.5,19.4,96.17,41.66,93.64,4.45,54.76,19.18,33.82,0,0,0,0,0,0,0,6.15,74.14,0.32,33.33,0.21,0,0,0.11,7.95,70.67,0,NA,0,NA,0,0,0,0,NA,NA,2.76,NA,NA,0,0,0,0,0,0
"Tinga","Fortaleza","Fortaleza","RB, RCB",32,1200000,"2026-04-30",11,842,1,0.55,0,0.23,11.86,54.95,"Brazil","Brazil","direito",179,78,"sim",7.38,4.92,58.7,3.95,59.46,0.11,0.13,0.43,4.38,5.19,0.64,1,0.11,0,0,1.39,0.11,1,0.11,0.06,1,0.11,4,0.43,25,25,0,2.14,35,0,0,2.14,35,0.11,0.75,71.43,1.82,47.06,1.6,0.96,0.11,24.05,1.82,0.53,36.34,78.24,15.18,73.94,3.42,96.88,12.4,81.9,29.71,83.81,4.49,61.9,20.77,34.26,0.02,0.53,0,0,0.11,0,0.11,5.56,80.77,2.57,45.83,0.32,66.67,0.64,0.75,9.41,68.18,0,NA,0,NA,0,0,0,0,NA,NA,0.86,NA,NA,0.11,0,0,0,0,0
"Lucas Kal","Sport Recife","Sport Recife","RDMF, RCB, RCMF",29,1400000,NA,12,832,0,0.1,0,0.02,10.6,48.98,"Brazil","Brazil, Italy","direito",186,78,"sim",6.6,4.87,48.89,3.25,60,0,0,0.32,4.22,4.74,1.19,1,0.11,0,0,0.32,0,0,0,0.01,0,0,2,0.22,0,0,0,0.32,0,0,0,0.32,0,0,0.54,60,0.87,50,0.43,1.3,0,24.66,0.43,0.11,33.1,86.27,10.06,73.12,3.79,97.14,15.14,94.29,29.96,89.89,2.81,57.69,16.29,26.84,0,0.22,0,0.11,0.32,0,0,3.57,72.73,0.22,0,0.32,0,0.11,0,4.33,62.5,0,NA,0,NA,0,0,0,0,NA,NA,1.41,NA,NA,0,0,0,0,0,0
"Gil","Santos","Santos","RCB, LCB",38,3e+05,NA,8,808,0,0.09,0,0,10.14,56.04,"Brazil","Brazil","direito",192,87,"sim",6.68,5.79,59.62,2.67,58.33,0,0,0.45,3.23,4.33,0.78,2,0.22,0,0,0.11,0,0,0,0.01,0,0,2,0.22,0,0,0,0,0,0,0,0,0,0,0.11,100,0.45,50,0.33,0,0,20.83,0.33,0.11,31.08,92.47,11.47,85.44,2.23,90,13.7,96.75,28.74,94.96,2.34,61.9,18.82,35.34,0,0,0,0,0,0,0,2.9,84.62,0.11,0,0,0,0,0,4.23,68.42,0,NA,0,NA,0,0,0,0,NA,NA,1.45,NA,NA,0,0,0,0,0,0
"Jonathan","Cruzeiro","Cruzeiro","RCB, LCB, RB",21,0,"2029-06-30",12,807,0,0,0,0.01,11.93,51.4,"Brazil","Brazil","direito",187,77,"sim",9.14,6.13,54.55,2.12,52.63,0,0,0.33,5.8,7.96,1.56,1,0.11,1,0.11,0.78,0,0,0,0,0,0,0,0,0,0,0,0.22,50,0,0,0.22,50,0,1,66.67,1.78,43.75,0.22,1.45,0.11,19.96,0.78,0.33,30.45,88.28,11.71,78.1,1.67,100,14.05,96.83,27.77,91.57,2.45,54.55,18.64,30.3,0,0.11,0,0,0,0,0,3.68,72.73,0.33,66.67,0,0,0,0.11,5.46,67.35,0,NA,0,NA,0,0,0,0,NA,NA,0.78,NA,NA,0,0,0,0,0,0
"I. Román","Atlético Mineiro","Atlético Mineiro","RCB",19,0,"2029-12-31",12,792,0,0.71,0,0.03,13.98,65.04,"Chile","Chile","direito",183,76,"sim",10,8.75,64.94,3.18,53.57,0.45,0.66,0.57,3.86,5.6,1.14,4,0.45,0,0,0.11,0,0,0,0.08,0,0,4,0.45,0,0,0,0,0,0,0,0,0,0,0.11,100,0.57,100,0.34,0.91,0,38.75,0.91,1.02,50.34,89.84,19.89,82.29,3.98,97.14,20.23,96.07,46.36,93.63,3.98,45.71,19.57,30.87,0,0.11,0,0,0,0,0,8.64,76.32,0.68,16.67,0.45,25,0.23,0,9.55,77.38,0,NA,0,NA,0,0,0,0,NA,NA,2.84,NA,NA,0,0,0,0,0,0
"Luiz Gustavo","São Paulo","São Paulo","LCMF, RCB",38,350000,"2025-12-31",11,780,1,0.77,0,0.5,12.81,45.95,"Brazil","Brazil, Germany","esquerdo",186,77,"sim",6.46,5.19,53.33,2.19,42.11,0.92,1.21,0.23,2.77,3.62,1.73,0,0,0,0,0.81,0.12,1,0.12,0.09,1,0.12,8,0.92,25,12.5,0,0.46,75,0.46,75,0,0,0.23,0.69,16.67,3.81,45.45,0.69,0.92,0.12,25.62,0.12,1.15,33.23,88.54,9.46,74.39,5.08,97.73,13.73,96.64,31.27,91.51,1.62,35.71,18.13,22.07,0.06,0.46,0,0,0.12,100,0.12,5.31,86.96,0.46,100,0,0,0.23,0.23,5.42,68.09,0,NA,0,NA,0,0,0,0,NA,NA,0.46,NA,NA,0,0,0,0,0,0
"Rezende","Bahia","Bahia","DMF, LCB, LWB",30,8e+05,"2026-12-31",11,664,0,0,0,0.14,12.61,63.44,"Brazil","Brazil","esquerdo",186,84,"sim",7.18,4.34,65.63,3.39,64,0.27,0.38,0.27,4.07,5.66,1.08,0,0,0,0,0.14,0,0,0,0,0,0,1,0.14,0,0,0,0,0,0,0,0,0,0,0,0,4.2,64.52,0.14,0.81,0,28.19,0.54,1.08,40.53,89.97,12.33,78.02,4.07,100,17.76,94.66,39.71,90.1,0.81,83.33,16.32,10.86,0.02,0.27,0,0,0.27,50,0.14,5.56,82.93,0.54,50,0.27,50,0.27,0,5.15,76.32,0,NA,0,NA,0,0,0,0,NA,NA,0.41,NA,NA,0,0,0,0,0,0
"F. Torres","Corinthians","Corinthians","RCB, RB, LCB",28,5e+06,"2027-12-31",9,637,0,0.09,0,0.07,11.3,48.75,"Ecuador","Ecuador","direito",187,78,"sim",7.35,6.08,58.14,2.68,42.11,0.14,0.23,0.28,3.67,5.86,1.7,1,0.14,0,0,0.42,0,0,0,0.01,0,0,1,0.14,0,0,0,0.28,50,0,0,0.28,50,0.14,0.57,50,1.55,27.27,0.42,0.28,0,43.52,0.85,0.14,55.95,92.42,19.5,82.61,3.81,96.3,26.14,97.3,50.86,94.72,4.8,70.59,19.8,32.95,0.01,0.42,0,0,0,0,0.14,3.81,77.78,0.57,25,0.14,0,0,0.14,7.21,76.47,0,NA,0,NA,0,0,0,0,NA,NA,1.55,NA,NA,0,0,0,0,0,0
"João Basso","Santos","Santos","RCB, LCB",28,2e+06,"2026-12-31",6,566,1,0.31,0,0,11.29,63.38,"Brazil","Brazil, Italy","direito",187,74,"sim",7,4.93,64.52,3.5,50,0.16,0.2,0.48,3.66,4.54,1.59,2,0.32,0,0,0.16,0.16,1,0.16,0.05,0,0,1,0.16,100,100,0,0.16,0,0,0,0.16,0,0,0,0,0.48,100,0.48,0.48,0,25.92,0.16,0.95,36.89,87.5,15.74,76.77,2.07,92.31,14.31,98.89,32.92,92.27,3.82,50,19.95,32.79,0,0,0,0,0,0,0,4.93,67.74,0.16,0,0,0,0,0,5.88,75.68,0,NA,0,NA,0,0,0,0,NA,NA,1.27,NA,NA,0,0,0,0,0,0
"Neris","Vitória","Vitória","CB, RCB, LCB",33,6e+05,"2026-12-31",9,515,0,0.55,0,0,9.79,55.36,"Brazil","Brazil","direito",192,88,"sim",6.99,3.32,47.37,3.84,54.55,0.52,0.82,0.35,4.89,7.64,1.75,1,0.17,1,0.17,0.35,0,0,0,0.1,0,0,4,0.7,50,0,0,0,0,0,0,0,0,0,0,0,0.87,60,0.87,0.17,0,24.12,0.52,0.7,37.4,88.32,11.71,71.64,1.57,100,22.02,96.83,33.73,91.19,3.67,61.9,20.28,29.7,0,0,0,0,0,0,0,4.02,65.22,0.35,50,0,0,0.17,0,4.72,55.56,0,NA,0,NA,0,0,0,0,NA,NA,1.57,NA,NA,0,0,0,0,0,0
"Lucas Gazal","Fortaleza","Fortaleza","RCB, LCB",26,550000,"2025-12-31",6,514,0,0.49,1,0,12.08,57.97,"Brazil","Brazil","direito",187,86,"sim",8.23,4.73,55.56,5.43,64.52,0.18,0.23,0.35,5.43,7.21,1.58,2,0.35,0,0,0.18,0,0,0,0.09,0,0,5,0.88,20,0,0.18,0.35,0,0.18,0,0.18,0,0,0,0,0.7,0,0.88,1.4,0,22.24,0.7,0.18,37.12,86.32,13.13,74.67,2.98,94.12,17.33,92.93,32.39,91.35,4.38,56,21.67,35.01,0,0,0.18,0,0,0,0,5.25,63.33,0.88,20,0.18,0,0.35,0,4.38,60,0,NA,0,NA,0,0,0,0,NA,NA,2.63,NA,NA,0,0,0,0,0,0
"Agustín Rogel","Hertha BSC","Internacional","RCB",28,6e+05,"2026-06-30",5,506,0,0.25,0,0,9.6,61.11,"Uruguay","Uruguay, Italy","direito",191,84,"sim",6.23,4.62,65.38,3.56,60,0.18,0.29,0.89,3.02,4.9,1.25,0,0,0,0,0,0,0,0,0.04,0,0,2,0.36,0,0,0,0,0,0,0,0,0,0,0,0,0.36,50,0.53,0.36,0,30.06,0.36,0.18,41.44,89.7,11.74,78.79,2.13,100,23.3,95.42,38.6,92.63,2.85,50,20.67,40.26,0,0,0,0,0.18,0,0,3.2,66.67,0.71,0,0.36,0,0,0,5.16,51.72,0,NA,0,NA,0,0,0,0,NA,NA,1.78,NA,NA,0,0,0,0,0,0
"Luisão","Santos","Santos","RCB, RB",22,0,"2028-12-31",6,475,0,0.02,0,0.03,12.32,52.31,"Brazil","Brazil","direito",192,74,"sim",8.53,7.01,54.05,3.03,43.75,0,0,0.19,4.74,6.3,0.57,2,0.38,0,0,0.57,0,0,0,0,0,0,2,0.38,0,0,0,0.38,100,0,0,0.19,100,0,0.19,100,1.52,62.5,0.38,0.19,0,21.6,0.57,0.76,34.11,83.33,16.86,73.03,2.46,100,9.66,96.08,29.18,88.31,4.55,50,23.61,43.68,0.01,0.19,0,0,0,0,0,3.6,68.42,0.38,100,0,0,0.19,0.38,6.82,72.22,0,NA,0,NA,0,0,0,0,NA,NA,1.33,NA,NA,0,0,0,0,0,0
"Fernando","Internacional","Internacional","CB, LDMF, DMF",37,2e+06,"2025-12-31",6,473,0,0.3,0,0,14.84,53.85,"Brazil","Brazil, Portugal","direito",183,76,"sim",8.56,5.52,65.52,3.04,56.25,0.19,0.27,0.76,4.76,6.64,0.38,0,0,0,0,0.95,0,0,0,0.06,0,0,3,0.57,100,0,0,0,0,0,0,0,0,0,0.95,20,3.04,25,0.76,2.85,0.57,37.29,0.19,0.38,51.95,91.21,14.08,79.73,4.76,96,23.4,95.12,50.23,91.67,1.71,77.78,18.24,19.19,0,0.38,0.19,0,0.19,100,0,6.85,80.56,0.57,100,0.38,100,0.57,0,5.9,83.87,0,NA,0,NA,0,0,0,0,NA,NA,1.71,NA,NA,0,0,0,0,0,0
"Kanu","Bahia","Bahia","RCB, LCB",28,3500000,"2027-12-31",6,473,0,0,0,0,7.04,67.57,"Brazil","Brazil","direito",186,80,"sim",7.23,2.09,72.73,2.85,60,0.38,0.5,0.76,5.33,7,0.57,0,0,1,0.19,0.19,0,0,0,0,0,0,0,0,0,0,0,0,0,0,0,0,0,0,0.19,100,1.14,83.33,0.57,0.76,0,38.82,0,0.76,50.61,95.11,15.98,90.48,3.04,93.75,26.64,98.57,47,97.17,3.62,68.42,18.66,38.17,0,0,0,0,0,0,0,4.76,88,0.19,100,0.38,50,0.19,0,6.09,71.88,0,NA,0,NA,0,0,0,0,NA,NA,1.71,NA,NA,0,0,0,0,0,0
"Lucas Cunha","Sport Recife","Sport Recife","RCB, LCB",28,2500000,"2026-12-31",6,472,0,0,0,0,8.77,45.65,"Brazil","Brazil, Portugal","direito",186,77,"sim",6.1,4,42.86,2.29,41.67,0.19,0.24,0.95,4.19,5.28,0.95,1,0.19,0,0,0,0,0,0,0,0,0,0,0,0,0,0,0,0,0,0,0,0,0,0,0,0.76,25,0,0.57,0,31.65,0.38,0.38,42.52,87.44,17.92,74.47,2.29,100,18.69,98.98,38.14,93,4.39,39.13,17.23,33.14,0,0,0,0,0,0,0,6.1,71.88,0.95,0,0.57,0,0,0,6.67,71.43,0,NA,0,NA,0,0,0,0,NA,NA,1.53,NA,NA,0,0,0,0,0,0
"David Luiz","Pafos","Fortaleza","CB, RCB",38,4e+05,"2027-05-31",7,449,0,0.24,0,0,12.43,66.13,"Brazil","Brazil, Portugal","direito",189,84,"sim",9.22,4.81,70.83,4.01,75,0.2,0.27,1,5.61,7.64,1.2,2,0.4,0,0,0.2,0,0,0,0.05,0,0,5,1,20,0,0,0,0,0,0,0,0,0,0,0,1.6,50,0.6,1.4,0,31.47,0.4,0.4,44.9,91.96,14.43,75,1.8,100,25.06,100,39.69,95.96,5.21,61.54,22.62,37.63,0,0,0,0,0.2,0,0,5.61,60.71,0.4,50,1,0,0.2,0,6.21,90.32,0,NA,0,NA,0,0,0,0,NA,NA,1,NA,NA,0.4,0.4,0,0,0,0
"A. Duarte","Santos","Santos","RCB, LCB",25,3500000,"2027-06-30",5,447,0,0.22,0,0.03,11.48,63.16,"Paraguay","Paraguay","direito",186,76,"sim",8.46,5.23,76.92,3.22,62.5,0.4,0.64,0.6,4.03,6.38,1.01,1,0.2,0,0,0.4,0,0,0,0.04,0,0,2,0.4,100,0,0,0.6,0,0,0,0.6,0,0.2,0,0,1.61,50,0.6,0.81,0,30.81,0.2,0.6,43.69,88.94,17.52,79.31,1.81,88.89,20.34,96.04,39.06,94.33,4.03,50,20.72,39.33,0.01,0.2,0,0,0,0,0,6.24,74.19,1.21,33.33,0.2,0,0.4,0,6.04,80,0,NA,0,NA,0,0,0,0,NA,NA,1.41,NA,NA,0,0,0,0,0,0
"Rafael Tolói","São Paulo","São Paulo","RCB, CB, LCB",35,2500000,"2026-12-31",6,446,0,0,0,0,11.3,66.07,"Brazil","Brazil, Italy","direito",185,75,"sim",9.48,6.05,76.67,2.83,57.14,0,0,0.61,4.84,6.49,0.4,0,0,0,0,0,0,0,0,0,0,0,0,0,0,0,0,0,0,0,0,0,0,0,0,0,1.01,60,0.2,0.61,0,30.07,0.4,0.4,46.41,83.04,21.59,71.96,1.82,88.89,19.98,94.95,39.75,88.83,6.66,48.48,21.04,34.15,0,0,0,0,0,0,0,5.85,51.72,1.21,0,0.61,0,0,0,9.48,65.96,0,NA,0,NA,0,0,0,0,NA,NA,0.61,NA,NA,0,0,0,0,0,0
"Adriano Martins","Atlético GO","Juventude","LCB, RCB",28,5e+05,"2026-12-31",5,406,0,0.41,0,0,11.08,62,"Brazil","Brazil","direito",193,87,"sim",8.42,2.88,76.92,5.99,55.56,0,0,0.44,6.21,8,0.67,1,0.22,0,0,0,0,0,0,0.09,0,0,3,0.67,0,0,0,0,0,0,0,0,0,0,0,0,0.22,100,0.89,0,0,27.93,0.22,0.22,39.9,92.22,15.96,83.33,3.1,100,17.29,98.72,37.24,94.64,2.66,58.33,19.66,25.29,0,0,0.22,0,0,0,0,1.55,85.71,0,0,0,0,0,0,5.32,62.5,0,NA,0,NA,0,0,0,0,NA,NA,1.33,NA,NA,0,0,0,0,0,0
"Gabriel","Mirassol","Mirassol","RCB",22,0,"2027-12-31",4,400,0,0.6,0,0,11.7,65.38,"Brazil","Brazil, Poland","direito",185,80,"sim",8.1,3.15,71.43,4.73,61.9,0.68,0.92,0.45,5.18,7.04,0.45,0,0,0,0,0.68,0,0,0,0.14,0,0,3,0.68,33.33,0,0,0.23,100,0.23,100,0,0,0,0.23,100,2.93,61.54,0.9,1.35,0.23,24.98,0.23,0.68,34.88,90.97,13.95,85.48,2.93,100,13.5,98.33,31.05,94.93,3.6,56.25,19.61,34.51,0,0,0,0,0,0,0,3.83,64.71,0.45,50,0.23,0,0.23,0.23,5.85,69.23,0,NA,0,NA,0,0,0,0,NA,NA,2.48,NA,NA,0,0,0,0,0,0
"Igor Rabello","Fluminense","Fluminense","RCB, LCB",30,2e+06,"2025-12-31",8,393,0,0.15,0,0,12.14,71.7,"Brazil","Brazil","direito",190,90,"sim",6.64,4.81,76.19,4.58,70,0,0,0,2.98,4.33,1.6,1,0.23,1,0.23,0.23,0,0,0,0.03,0,0,2,0.46,0,0,0,0,0,0,0,0,0,0,0.23,100,0.46,50,0.46,0.23,0,32.06,0.23,0,44.2,89.12,15.57,79.41,3.89,94.12,20.15,95.45,39.39,93.02,4.81,57.14,16.41,18.65,0,0,0,0,0,0,0,2.98,84.62,0.23,100,0.23,100,0.23,0,5.73,60,0,NA,0,NA,0,0,0,0,NA,NA,3.44,NA,NA,0,0,0,0,0,0
"Manoel","Fluminense","Fluminense","LCB, RCB",35,3e+05,"2025-12-31",5,382,0,0.18,0,0,7.54,37.5,"Brazil","Brazil","direito",181,82,"sim",5.42,3.06,61.54,2.83,8.33,0,0,0.71,3.53,4.59,0.24,0,0,0,0,0.47,0,0,0,0.04,0,0,2,0.47,0,0,0,0,0,0,0,0,0,0,0.47,100,0.94,50,0.47,0.24,0,29.45,0,0.47,42.41,90,12.02,80.39,1.65,85.71,25.45,94.44,40.29,91.81,2.12,55.56,20.02,25.81,0,0,0,0,0,0,0,3.3,57.14,0,0,0,0,0,0,4.95,52.38,0,NA,0,NA,0,0,0,0,NA,NA,1.18,NA,NA,0,0,0,0,0,0
"Eduardo Santos","Red Bull Bragantino","Red Bull Bragantino","LCB, RCB, CB",28,9e+05,"2028-12-29",8,367,0,0,0,0.19,12.26,62,"Brazil","Brazil","direito",196,90,"sim",12.02,5.4,63.64,2.45,70,0.74,0.86,0.74,7.85,9.14,0.49,0,0,0,0,0.74,0,0,0,0,0,0,0,0,0,0,0,0.25,100,0,0,0.25,100,0,0.74,66.67,2.45,30,0.25,0.49,0,31.63,0.25,0.49,50.76,91.79,17.17,81.43,2.94,100,26.98,97.27,44.88,95.63,5.64,60.87,20.38,24.25,0.05,0.25,0,0,0,0,0,2.7,72.73,0.25,0,0.25,0,0,0,6.13,56,0,NA,0,NA,0,0,0,0,NA,NA,2.45,NA,NA,0,0,0,0,0,0
"Thiago Santos","Fluminense","Fluminense","LDMF, DMF, LCB",36,250000,"2026-12-31",10,350,0,0.07,0,0.02,18,54.29,"Brazil","Brazil","direito",181,78,"sim",8.74,8.23,62.5,4.89,57.89,0,0,0.26,3.6,4.94,2.31,2,0.51,0,0,0.26,0,0,0,0.02,0,0,1,0.26,0,0,0,0,0,0,0,0,0,0,0.26,100,2.83,36.36,0.77,0.51,0,20.83,0.51,0.51,33.43,82.31,12.09,61.7,3.6,100,12.34,95.83,28.03,87.16,5.4,57.14,19.8,25.87,0,0.26,0,0,0,0,0,5.91,69.57,0.26,0,0.51,50,0,0,6.94,62.96,0,NA,0,NA,0,0,0,0,NA,NA,0.51,NA,NA,0,0,0,0,0,0
"Luiz Gustavo","Bahia","Vasco da Gama","LCB",19,0,"2030-12-31",5,330,0,0,0,0,10.36,57.89,"Brazil","Brazil","esquerdo",188,0,"sim",7.36,5.18,68.42,2.45,44.44,0.82,1.18,0.55,3,4.34,1.09,3,0.82,0,0,0.55,0,0,0,0,0,0,0,0,0,0,0,0.27,100,0.27,100,0,0,0,0.27,100,1.09,50,0,0.27,0,34.09,0.27,0.55,47.73,88,18.27,74.63,3.55,100,22.36,96.34,43.09,91.77,4.36,50,19.76,37.98,0,0,0,0,0,0,0,5.18,78.95,0.27,100,0,0,0,0.27,7.64,57.14,0,NA,0,NA,0,0,0,0,NA,NA,2.45,NA,NA,0,0,0,0,0,0
"Benedetti","Palmeiras","Palmeiras","LCB, CB, RCB",19,0,"2029-12-31",4,324,1,0.68,0,0.08,11.39,73.17,"Brazil","Brazil","unknown",0,0,"sim",6.67,3.33,83.33,4.17,80,0,0,0.28,3.89,5.75,0.56,0,0,0,0,0.83,0.28,1,0.28,0.19,1,0.28,3,0.83,33.33,33.333,0,0.56,100,0.56,100,0,0,0,0,0,0.83,0,0.83,0.28,0,23.06,0.28,0.28,34.72,92.8,13.33,85.42,1.67,100,17.22,98.39,31.39,93.81,2.78,80,15.41,24.71,0.02,0.28,0,0,0,0,0,3.89,78.57,1.11,100,0,0,0.28,0.56,5.83,76.19,0,NA,0,NA,0,0,0,0,NA,NA,1.39,NA,NA,0,0,0,0,0,0
"Antônio Carlos","Houston Dynamo","Sport Recife","CB",32,1800000,"2026-12-31",3,310,0,0,0,0,12.19,66.67,"Brazil","Brazil","direito",191,79,"sim",7.84,4.65,68.75,5.23,61.11,0,0,0.29,4.65,6.15,0.87,0,0,0,0,0,0,0,0,0,0,0,0,0,0,0,0,0,0,0,0,0,0,0,0,0,1.45,60,0,0.87,0,20.61,0.29,0.29,31.94,93.64,7.26,84,1.74,100,20.32,97.14,30.48,96.19,1.45,40,20.48,38.15,0,0,0,0,0,0,0,1.45,40,0,0,0,0,0,0,2.03,57.14,0,NA,0,NA,0,0,0,0,NA,NA,0.87,NA,NA,0,0,0,0,0,0
"Éder","Ceará","Ceará","LCB",30,8e+05,NA,3,305,0,0.38,0,0,6.2,80.95,"Brazil","Brazil","direito",184,82,"sim",4.72,1.77,66.67,3.84,84.62,0,0,0.3,3.54,4,0.89,0,0,0,0,0.59,0,0,0,0.11,0,0,3,0.89,66.67,0,0,0,0,0,0,0,0,0,0,0,0,0,0.89,0,0,24.49,1.48,0.3,35.41,87.5,11.51,71.79,0.89,100,18.89,93.75,29.51,96,5.9,45,22.9,39.54,0,0,0,0,0,0,0,1.77,66.67,0.3,0,0.89,66.67,0,0,5.61,52.63,0,NA,0,NA,0,0,0,0,NA,NA,0.59,NA,NA,0,0,0,0,0,0
"Titi","Goiás","Fortaleza","LCB",37,2e+05,NA,3,301,0,0,0,0,13.75,65.22,"Brazil","Brazil, Italy","esquerdo",188,83,"sim",9.57,7.18,75,3.29,54.55,0,0,0.3,4.19,4.2,1.2,1,0.3,1,0.3,0,0,0,0,0,0,0,0,0,0,0,0,0,0,0,0,0,0,0,0,0,1.5,40,0,0.3,0,19.44,0.3,0.3,27.51,77.17,10.76,52.78,1.79,83.33,13.16,97.73,23.32,85.9,4.19,28.57,22.62,41.06,0,0,0,0,0,0,0,2.09,28.57,0,0,0,0,0,0,5.08,47.06,0,NA,0,NA,0,0,0,0,NA,NA,1.5,NA,NA,0,0,0,0,0,0
"M. Lemos","Vasco da Gama","Vasco da Gama","LCB, RCB",29,2500000,"2025-12-31",4,270,0,0.01,0,0,7.33,77.27,"Uruguay","Uruguay","direito",187,85,"sim",8.67,2.67,75,2.33,85.71,0.33,0.42,1.67,6.33,8.03,0.33,0,0,0,0,0,0,0,0,0,0,0,1,0.33,0,0,0,0,0,0,0,0,0,0,0,0,0.33,100,0,0.67,0,32.33,0.67,0,44.67,91.79,14,83.33,4.67,100,22.67,95.59,40,93.33,4.67,78.57,21.71,37.01,0,0,0,0,0,0,0,3.67,81.82,0,0,0.33,0,0,0,6,66.67,0,NA,0,NA,0,0,0,0,NA,NA,2.67,NA,NA,0,0,0,0,0,0
"Felipe Negrucci","São Paulo U20","São Paulo","RCB, RB, RCMF",21,0,"2026-06-30",5,267,0,0,0,0,15.84,46.81,"Brazil","Brazil","direito",179,73,"sim",10.11,6.74,65,4.38,30.77,0,0,1.35,5.73,6.8,0.67,0,0,0,0,0.34,0,0,0,0,0,0,0,0,0,0,0,0,0,0,0,0,0,0,0.67,50,3.37,20,0,0.67,0,27.3,0.67,0.67,37.42,84.68,16.18,68.75,4.38,92.31,12.13,97.22,33.37,90.91,4.04,33.33,18.24,27.04,0,0,0.34,0,0,0,0,5.73,52.94,0.34,100,0.34,0,0.34,0,5.73,76.47,0,NA,0,NA,0,0,0,0,NA,NA,0.67,NA,NA,0.34,0,0,0,0,0
"F. Balbuena","Grêmio","Grêmio","RCB",34,3e+06,"2027-06-30",3,249,1,0.39,0,0,11.57,71.88,"Paraguay","Paraguay","direito",189,88,"sim",8.67,6.14,88.24,2.17,66.67,0,0,0,3.25,4.43,0,0,0,0,0,0.72,0.36,1,0.36,0.14,0,0,1,0.36,100,100,0,0.36,0,0,0,0.36,0,0,0.36,100,1.08,33.33,0.72,1.45,0,40.48,0,1.08,60.72,80.36,29.28,70.37,2.89,100,23.86,92.42,53.13,85.03,7.23,50,20.16,35.35,0,0.36,0,0,0,0,0,7.95,68.18,0.72,0,0,0,0,0,12.65,62.86,0,NA,0,NA,0,0,0,0,NA,NA,2.89,NA,NA,0,0,0,0,0,0
"Rômulo","Sporting CP II","Atlético Mineiro","RCB, RCMF",21,0,"2027-12-31",3,242,0,0,0,0,12.27,42.42,"Brazil","Brazil","direito",182,79,"sim",5.58,5.21,42.86,4.09,54.55,0,0,0.74,3.35,5.63,1.86,1,0.37,0,0,0,0,0,0,0,0,0,0,0,0,0,0,0.37,0,0,0,0.37,0,0,0.74,0,2.23,16.67,0,0,0.37,23.06,0.37,0,32.73,88.64,10.04,81.48,4.46,91.67,14.5,94.87,28.64,92.21,3.72,70,18.89,38.85,0,0,0,0,0,0,0,4.83,69.23,0.37,0,0,0,0,0,4.09,81.82,0,NA,0,NA,0,0,0,0,NA,NA,3.35,NA,NA,0,0,0,0,0,0
"Cipriano","Juventude","Juventude","LCB",23,0,"2028-05-31",3,219,0,0,0,0,6.99,58.82,"Brazil","Brazil","esquerdo",197,85,"sim",5.75,2.88,42.86,2.88,57.14,0,0,0.41,4.52,5.16,1.23,1,0.41,1,0.41,0,0,0,0,0,0,0,0,0,0,0,0,0,0,0,0,0,0,0,0,0,0,0,0.41,0,0,15.62,0.41,0,27.12,81.82,10.27,56,3.29,100,11.92,96.55,23.84,84.48,3.29,62.5,21.78,29.25,0,0,0,0,0,0,0,2.05,40,0.41,0,0.41,0,0.41,0,4.93,50,0,NA,0,NA,0,0,0,0,NA,NA,0.82,NA,NA,0,0,0,0,0,0
"Victor Luís","Vasco da Gama","Vasco da Gama","LB, LCB",32,5e+05,NA,6,219,0,0.09,0,0.17,15.21,56.76,"Brazil","Brazil, Lithuania","esquerdo",177,81,"sim",6.58,6.16,60,3.7,88.89,0,0,0.82,2.88,4.67,1.64,0,0,0,0,2.47,0,0,0,0.04,0,0,1,0.41,100,0,0,2.88,57.14,2.88,57.14,0,0,0.41,0.82,50,3.7,33.33,0.82,0.82,0,41.92,0.82,1.64,52.19,89.76,19.73,85.42,9.45,91.3,14.38,88.57,46.44,96.46,2.88,14.29,18.05,16.65,0.07,0.82,0,0,0,0,0,4.93,91.67,2.88,57.14,0,0,0,1.64,6.58,87.5,0,NA,0,NA,0,0,0,0,NA,NA,2.05,NA,NA,0.41,0,0,0.41,0,0
"Davi Schuindt","Fluminense","Fluminense","RCB",21,0,"2026-12-31",2,207,0,0.15,0,0,10,52.17,"Brazil","Brazil",NA,0,0,"sim",6.96,3.91,66.67,3.48,37.5,0,0,0.43,4.35,5.08,0.43,0,0,0,0,0.43,0,0,0,0.06,0,0,1,0.43,100,0,0,0,0,0,0,0,0,0,0,0,0,0,0.43,0,0,23.48,0.43,0.87,34.78,83.75,15.22,74.29,1.3,100,16.09,94.59,26.09,93.33,8.7,55,24.87,39.81,0,0,0,0,0,0,0,2.17,20,0.43,0,0.43,0,0,0,7.83,50,0,NA,0,NA,0,0,0,0,NA,NA,1.3,NA,NA,0,0,0,0,0,0
"Lucas Oliveira","Vasco da Gama","Vasco da Gama","RCB, LCB",29,2e+06,"2025-12-31",7,202,0,0,0,0,14.7,57.58,"Brazil","Brazil","direito",187,83,"sim",9.8,7.13,68.75,4.46,60,0,0,0.45,4.9,6.11,1.34,1,0.45,0,0,0,0,0,0,0,0,0,0,0,0,0,0,0,0,0,0,0,0,0,0,0,1.34,0,0,0.89,0,31.19,0.89,0,40.99,89.13,15.59,77.14,1.34,100,18.71,95.24,37.43,92.86,3.56,50,16.6,15.06,0,0,0,0,0,0,0,1.78,75,0,0,0,0,0,0,5.35,33.33,0,NA,0,NA,0,0,0,0,NA,NA,0.89,NA,NA,0,0,0,0,0,0
"M. Gamarra","Cruzeiro","Cruzeiro","LCB",25,2e+06,"2027-12-31",2,177,0,0.05,0,0,11.19,68.18,"Paraguay","Paraguay","esquerdo",183,79,"sim",9.15,7.12,64.29,2.54,80,0,0,1.02,4.58,5.51,1.02,0,0,0,0,1.02,0,0,0,0.02,0,0,1,0.51,0,0,0,0,0,0,0,0,0,0,1.02,100,1.53,66.67,0.51,0,0,20.85,1.02,0,39.66,71.79,25.42,58,2.54,100,9.15,100,28.47,83.93,11.19,40.91,24.25,38.17,0,0,0,0,0,0,0,8.14,50,0.51,0,0.51,0,0,0,10.17,55,0,NA,0,NA,0,0,0,0,NA,NA,2.03,NA,NA,0,0,0,0,0,0
"Gabriel Bahia","Botafogo","Botafogo","RCB",27,0,"2027-03-31",3,162,0,0.05,0,0,14.44,65.38,"Brazil","Brazil","direito",0,0,"sim",7.22,4.44,87.5,3.33,83.33,0.56,0.86,1.11,2.78,4.29,0.56,0,0,0,0,0.56,0,0,0,0.03,0,0,2,1.11,0,0,0,0,0,0,0,0,0,0,0.56,100,4.44,25,0,0.56,0,42.22,0,0.56,53.89,88.66,24.44,84.09,2.22,75,18.89,97.06,48.89,94.32,5,33.33,20.06,25.4,0,0,0,0,0,0,0,4.44,75,0,0,0,0,0,0,8.89,62.5,0,NA,0,NA,0,0,0,0,NA,NA,0,NA,NA,0,0,0,0,0,0
"João Marcelo","Cruzeiro","Cruzeiro","LCB, RCB",25,1500000,"2028-12-31",3,161,0,0,0,0.06,10.62,57.89,"Brazil","Brazil","direito",190,84,"sim",9.5,5.03,55.56,5.59,60,0,0,1.12,6.71,10,1.12,0,0,0,0,0,0,0,0,0,0,0,0,0,0,0,0,0,0,0,0,0,0,0,0,0,0,0,0.56,1.68,0,21.24,0,0.56,32.98,89.83,12.3,81.82,0.56,100,16.77,93.33,30.19,92.59,2.8,60,18.31,9.55,0.04,0.56,0.56,0,0,0,0.56,3.35,66.67,0,0,0.56,0,0.56,0,5.59,70,0,NA,0,NA,0,0,0,0,NA,NA,0.56,NA,NA,0,0,0,0,0,0
"Luiz Otávio","Mirassol","Mirassol","LCB, CB",33,9e+05,NA,4,148,0,0,0,0,12.16,65,"Brazil","Brazil","direito",194,85,"sim",5.47,2.43,25,8.51,78.57,0,0,1.82,4.86,9.23,1.22,1,0.61,0,0,0,0,0,0,0,0,0,0,0,0,0,0,0,0,0,0,0,0,0,0,0,0.61,0,0,0.61,0,32.84,0.61,0,46.22,92.11,20.07,84.85,1.22,100,20.07,100,42.57,91.43,3.65,100,14.71,23.65,0,0,0,0,0,0,0,3.65,100,0,0,0,0,0,0,6.69,63.64,0,NA,0,NA,0,0,0,0,NA,NA,1.22,NA,NA,0,0,0,0,0,0
"João Victor","Flamengo U20","Flamengo","RCB",18,0,"2029-12-31",3,117,0,0,0,0,10,46.15,"Brazil","Brazil","unknown",0,0,"sim",6.92,6.92,44.44,0,0,0,0,0.77,3.85,7.89,2.31,1,0.77,0,0,0,0,0,0,0,0,0,1,0.77,0,0,0,0,0,0,0,0,0,0,0,0,1.54,50,0,0.77,0,53.85,0.77,0.77,68.46,93.26,21.54,92.86,7.69,90,26.92,94.29,63.08,96.34,5.38,57.14,18.48,35.1,0,0,0,0,0,0,0,10,84.62,1.54,0,0,0,0.77,0,8.46,81.82,0,NA,0,NA,0,0,0,0,NA,NA,3.85,NA,NA,0,0,0,0,0,0
"Frederico","Bahia U20","Bahia","RCB",19,0,NA,1,102,0,0,0,0,11.47,53.85,"Brazil","Brazil","unknown",0,0,"sim",6.18,7.06,62.5,2.65,33.33,0,0,0,1.76,3.33,0.88,0,0,0,0,0,0,0,0,0,0,0,0,0,0,0,0,0,0,0,0,0,0,0,0,0,1.76,50,0,2.65,0,38.82,0,0.88,52.94,91.67,16.76,84.21,8.82,100,22.06,96,49.41,92.86,3.53,75,18.35,36.29,0,0,0,0,0,0,0,1.76,100,0,0,0,0,0,0,7.94,66.67,0,NA,0,NA,0,0,0,0,NA,NA,6.18,NA,NA,0,0,0,0,0,0
"Natã","Juventude","Juventude","LCB, LCMF",24,0,"2027-12-31",2,96,0,0,0,0,5.63,33.33,"Brazil","Brazil","direito",182,76,"sim",10.31,4.69,40,0.94,0,0,0,0,8.44,8.44,0.94,0,0,0,0,0,0,0,0,0,0,0,0,0,0,0,0,0,0,0,0,0,0,0,0,0,0,0,0,0,0,22.5,0.94,0,31.88,82.35,10.31,63.64,0.94,100,17.81,89.47,29.06,87.1,2.81,33.33,21.1,39.16,0,0,0,0,0,0,0,3.75,100,0,0,0,0,0,0,7.5,50,0,NA,0,NA,0,0,0,0,NA,NA,0.94,NA,NA,0,0,0,0,0,0
"Cleiton","Flamengo","Flamengo","CB, LCB",22,4e+05,"2025-12-31",2,94,0,0,0,0,11.49,66.67,"Brazil","Brazil","esquerdo",194,78,"sim",11.49,5.74,66.67,0.96,100,0,0,1.91,7.66,9.23,0.96,0,0,0,0,0,0,0,0,0,0,0,0,0,0,0,0,0,0,0,0,0,0,0,0,0,3.83,75,0,0.96,0,38.3,0,1.91,47.87,86,19.15,65,2.87,100,19.15,100,43.09,91.11,4.79,40,22.78,38.89,0,0,0,0,0,0,0,6.7,85.71,0,0,0,0,0,0,10.53,63.64,0,NA,0,NA,0,0,0,0,NA,NA,0.96,NA,NA,0,0,0,0,0,0
"S. Palacios","Red Bull Bragantino U20","Red Bull Bragantino","RCB, LCB",20,0,"2026-09-02",2,82,0,0,0,0,9.88,33.33,"Colombia","Colombia","direito",195,85,"sim",7.68,5.49,40,2.2,0,1.1,1.67,0,4.39,6.67,3.29,2,2.2,0,0,0,0,0,0,0,0,0,0,0,0,0,0,0,0,0,0,0,0,0,0,0,0,0,0,0,0,28.54,0,1.1,40.61,89.19,17.56,75,4.39,100,14.27,100,32.93,93.33,7.68,71.43,20.38,27.27,0,0,0,0,0,0,0,4.39,100,0,0,0,0,0,0,9.88,66.67,0,NA,0,NA,0,0,0,0,NA,NA,4.39,NA,NA,0,0,0,0,0,0
"Viery","Grêmio U20","Grêmio","LB, LCB",20,0,"2027-06-30",3,67,0,0,0,0,21.49,56.25,"Brazil","Brazil","esquerdo",187,85,"sim",20.15,10.75,75,2.69,0,0,0,2.69,12.09,14.21,1.34,0,0,0,0,0,0,0,0,0,0,0,0,0,0,0,0,0,0,0,0,0,0,0,0,0,2.69,0,0,0,0,20.15,0,0,38.96,82.76,21.49,75,4.03,66.67,10.75,100,34.93,80.77,4.03,100,12.81,11.72,0,0,0,0,0,0,0,5.37,75,0,0,1.34,100,0,0,9.4,57.14,0,NA,0,NA,0,0,0,0,NA,NA,0,NA,NA,0,0,0,0,0,0
"Danilo Barbosa","Al Ula","Botafogo","LCB, LCMF",29,2500000,NA,3,60,0,0.05,0,0,15,30,"Brazil","Brazil","direito",183,74,"sim",9,3,50,4.5,33.33,1.5,2,1.5,6,8,1.5,1,1.5,0,0,3,0,0,0,0.08,0,0,1,1.5,100,0,0,0,0,0,0,0,0,0,3,50,3,50,0,1.5,0,13.5,0,0,19.5,100,9,100,0,0,9,100,18,100,1.5,100,14.9,14.21,0,0,0,0,0,0,0,1.5,100,0,0,0,0,0,0,4.5,100,0,NA,0,NA,0,0,0,0,NA,NA,0,NA,NA,0,0,0,0,0,0
"Rodrigo Ely","Grêmio","Grêmio","RCB",31,3e+06,"2025-12-31",2,47,0,0,0,0,22.98,50,"Brazil","Brazil, Italy","direito",191,91,"sim",11.49,11.49,83.33,9.57,20,0,0,1.91,1.91,1.67,1.91,0,0,0,0,0,0,0,0,0,0,0,0,0,0,0,0,0,0,0,0,0,0,0,0,0,0,0,0,0,0,13.4,0,0,26.81,71.43,13.4,57.14,1.91,100,9.57,80,21.06,90.91,5.74,0,24.62,47.02,0,0,0,0,0,0,0,5.74,33.33,0,0,0,0,0,0,5.74,66.67,0,NA,0,NA,0,0,0,0,NA,NA,0,NA,NA,0,0,0,0,0,0
"Riquelme","Sport Recife U20","Sport Recife","RCB",18,0,NA,2,28,0,0,0,0,NA,NA,"Brazil","Brazil","unknown",0,0,"sim",NA,NA,NA,NA,NA,NA,0,NA,NA,0,NA,1,NA,0,NA,NA,NA,0,NA,NA,0,NA,0,NA,NA,0,NA,NA,NA,NA,NA,NA,NA,NA,NA,NA,NA,NA,NA,NA,NA,NA,NA,NA,NA,NA,NA,NA,NA,NA,NA,NA,NA,NA,NA,NA,11.75,14.32,NA,NA,NA,NA,NA,NA,NA,NA,NA,NA,NA,NA,NA,NA,NA,NA,NA,0,NA,0,NA,0,0,0,NA,NA,NA,NA,NA,NA,NA,NA,NA,NA,0,0
"Naves","Alverca","Palmeiras","RCB",23,0,"2028-12-31",1,25,0,0,0,0,NA,NA,"Brazil","Brazil","direito",184,78,"sim",NA,NA,NA,NA,NA,NA,0,NA,NA,10,NA,0,NA,0,NA,NA,NA,0,NA,NA,0,NA,0,NA,NA,0,NA,NA,NA,NA,NA,NA,NA,NA,NA,NA,NA,NA,NA,NA,NA,NA,NA,NA,NA,NA,NA,NA,NA,NA,NA,NA,NA,NA,NA,NA,41.74,45.62,NA,NA,NA,NA,NA,NA,NA,NA,NA,NA,NA,NA,NA,NA,NA,NA,NA,0,NA,0,NA,0,0,0,NA,NA,NA,NA,NA,NA,NA,NA,NA,NA,0,0
