Rk,Player,Nation,Pos,Squad,Age,Born,90s,Tkl,TklW,Def 3rd,Mid 3rd,Att 3rd,Tkl,Att,Tkl%,Lost,Blocks,Sh,Pass,Int,Tkl+Int,Clr,Err,Matches
52,Samuel Xavier,brBRA,DF,Fluminense,34,1990,26.5,41,29,22,16,3,27,41,65.9,14,25,8,17,13,54,68,2,Matches
53,William,brBRA,DF,Cruzeiro,29,1995,25.3,74,48,36,30,8,42,87,48.3,45,32,9,23,43,117,81,3,Matches
54,Weverson,brBRA,DF,Fortaleza,24,2000,2.4,3,2,2,1,0,3,4,75.0,1,4,0,4,1,4,6,0,Matches
55,Wesley,brBRA,DF,Flamengo,21,2003,10.9,29,20,15,11,3,13,24,54.2,11,10,1,9,12,41,16,1,Matches
56,Wendell,brBRA,DF,São Paulo,31,1993,9.3,20,15,8,9,3,10,13,76.9,3,8,1,7,10,30,34,0,Matches
57,Wagner,brBRA,DF,Grêmio,25,1999,26.3,28,14,17,10,1,13,23,56.5,10,25,22,3,35,63,159,1,Matches
58,Vitinho,brBRA,DF,Botafogo (RJ),25,1999,31.5,69,40,47,13,9,37,65,56.9,28,31,7,24,26,95,87,1,Matches
59,Vitão,brBRA,DF,Internacional,24,2000,30.2,31,21,21,10,0,16,29,55.2,13,24,11,13,22,53,146,1,Matches
60,Alix Vinicius,brBRA,DF,RB Bragantino,25,1999,9.6,9,6,5,3,1,3,6,50.0,3,12,7,5,10,19,61,0,Matches
61,Matías Viña,uyURU,DF,Flamengo,27,1997,3.1,10,6,4,5,1,5,10,50.0,5,6,1,5,2,12,5,1,Matches
62,Lucas Villalba,arARG,DF,Cruzeiro,30,1994,31.8,31,20,17,13,1,14,25,56.0,11,37,27,10,47,78,199,1,Matches
63,Viery,brBRA,DF,Grêmio,20,2005,0.6,1,1,1,0,0,1,1,100.0,0,4,2,2,0,1,7,1,Matches
64,Marcos Victor,brBRA,DF,Ceará,23,2001,14.9,20,13,14,6,0,8,8,100.0,0,13,8,5,11,31,102,1,Matches
65,João Victor,brBRA,DF,Flamengo,18,2007,2.2,1,1,1,0,0,1,2,50.0,1,4,3,1,1,2,11,2,Matches
66,João Victor,brBRA,DF,Vasco da Gama,26,1998,15.9,28,25,23,5,0,15,19,78.9,4,24,11,13,10,38,99,2,Matches
67,João Victor,brBRA,DF,Mirassol,27,1997,34.0,24,14,13,10,1,14,20,70.0,6,58,46,12,34,58,193,0,Matches
68,Guillermo Varela,uyURU,DF,Flamengo,31,1993,14.7,27,16,13,10,4,12,21,57.1,9,7,5,2,8,35,45,1,Matches
69,Vanderlan,brBRA,DF,RB Bragantino,22,2002,11.7,18,14,13,3,2,9,15,60.0,6,8,2,6,3,21,25,1,Matches
70,Vanderlan,brBRA,DF,Palmeiras,22,2002,2.2,6,5,5,1,0,3,5,60.0,2,7,2,5,5,11,7,0,Matches
71,Félix Torres Caicedo,ecECU,DF,Corinthians,28,1997,7.2,11,8,7,4,0,8,11,72.7,3,8,4,4,13,24,26,1,Matches
72,Rafael Tolói,itITA,DF,São Paulo,34,1990,5.5,16,9,9,5,2,8,11,72.7,3,7,4,3,10,26,37,1,Matches
73,Titi,brBRA,DF,Fortaleza,36,1988,3.0,4,1,2,2,0,2,4,50.0,2,2,2,0,10,14,11,0,Matches
74,Guilherme Tinga,brBRA,DF,Fortaleza,31,1993,8.4,14,5,11,3,0,11,20,55.0,9,11,7,4,10,24,40,0,Matches
75,Rafael Thyere,brBRA,DF,Sport Recife,31,1993,23.4,27,18,19,8,0,12,19,63.2,7,35,31,4,26,53,138,0,Matches
76,Alex Telles,brBRA,DF,Botafogo (RJ),32,1992,18.8,20,15,11,9,0,8,15,53.3,7,10,5,5,17,37,42,0,Matches
77,Igor Vinícius de Souza,brBRA,DF,Santos,27,1997,14.5,47,31,32,14,1,24,41,58.5,17,12,2,10,14,61,34,2,Matches
78,Igor Vinícius de Souza,brBRA,DF,São Paulo,27,1997,1.8,2,1,0,2,0,0,1,0.0,1,1,0,1,1,3,0,0,Matches
79,Fabiano Souza,brBRA,DF,Ceará,24,2000,32.3,44,36,19,21,4,26,41,63.4,15,25,6,19,29,73,116,1,Matches
80,Souza,brBRA,DF,Santos,18,2006,18.2,41,30,23,13,5,26,38,68.4,12,16,7,9,24,65,67,0,Matches
81,Thiago Silva,brBRA,DF,Fluminense,40,1984,24.0,9,4,6,3,0,4,5,80.0,1,18,14,4,20,29,141,2,Matches
82,João Silva,ptPOR,DF,Sport Recife,26,1999,11.0,10,6,8,1,1,2,8,25.0,6,13,8,5,8,18,46,0,Matches
83,Aderlan Silva,brBRA,DF,Sport Recife,34,1990,10.2,15,7,8,5,2,10,26,38.5,16,14,7,7,14,29,31,0,Matches
84,Aderlan Silva,brBRA,DF,Santos,34,1990,1.0,1,0,0,1,0,1,1,100.0,0,2,0,2,1,2,1,0,Matches
85,Igor Serrote,brBRA,DF,Grêmio,19,2005,5.7,24,17,15,8,1,19,26,73.1,7,9,5,4,14,38,31,0,Matches
86,Davi Schuindt,brBRA,DF,Fluminense,20,2004,2.0,2,2,2,0,0,0,0,,0,3,2,1,2,4,13,0,Matches
87,Renzo Saravia,arARG,DF,Atlético Mineiro,31,1993,11.8,29,23,17,10,2,13,24,54.2,11,12,4,8,7,36,44,1,Matches
88,Eduardo Santos,brBRA,DF,RB Bragantino,27,1997,3.5,7,5,5,2,0,2,2,100.0,0,9,6,3,8,15,24,0,Matches
89,Agustín Sant'Anna,uyURU,DF,RB Bragantino,27,1997,5.8,14,9,7,4,3,9,17,52.9,8,8,3,5,10,24,20,1,Matches
90,Alex Sandro,brBRA,DF,Flamengo,34,1991,17.2,14,7,5,6,3,5,9,55.6,4,18,7,11,18,32,53,2,Matches
91,Rodrigo Sam,brBRA,DF,Juventude,29,1995,16.2,34,19,26,7,1,18,29,62.1,11,14,8,6,27,61,103,0,Matches
92,Daniel Sales,brBRA,DF,Flamengo,18,2006,0.8,1,1,1,0,0,1,1,100.0,0,0,0,0,1,2,5,0,Matches
93,José Sabino,brBRA,DF,São Paulo,28,1996,25.5,35,23,22,12,1,14,31,45.2,17,30,25,5,49,84,162,1,Matches
94,Alan Ruschel,brBRA,DF,Juventude,35,1989,13.7,28,11,16,12,0,13,23,56.5,10,10,4,6,15,43,25,0,Matches
95,Ruan,brBRA,DF,São Paulo,25,1999,4.0,4,4,4,0,0,3,3,100.0,0,6,5,1,7,11,41,1,Matches
96,Ruan,brBRA,DF,Atlético Mineiro,25,1999,9.0,9,6,7,2,0,3,11,27.3,8,12,10,2,14,23,44,0,Matches
97,Iván Román,clCHI,DF,Atlético Mineiro,18,2006,7.8,9,6,5,3,1,6,16,37.5,10,7,3,4,10,19,41,0,Matches
98,Agustín Rogel,uyURU,DF,Internacional,27,1997,5.0,9,6,6,3,0,5,9,55.6,4,5,4,1,1,10,27,0,Matches
99,Guzmán Rodríguez,uyURU,DF,RB Bragantino,24,2000,22.8,22,15,15,7,0,15,25,60.0,10,32,23,9,13,35,135,0,Matches
100,Marcos Rocha,brBRA,DF,Grêmio,36,1988,10.7,41,29,24,12,5,23,37,62.2,14,18,7,11,18,59,30,0,Matches
101,Marcos Rocha,brBRA,DF,Palmeiras,36,1988,1.0,0,0,0,0,0,0,3,0.0,3,1,0,1,2,2,3,0,Matches
102,Paulo Roberto,brBRA,DF,Vitória,19,2005,1.1,4,3,3,1,0,2,6,33.3,4,0,0,0,2,6,5,0,Matches
103,Riquelme,brBRA,DF,Sport Recife,18,2007,0.3,0,0,0,0,0,0,1,0.0,1,0,0,0,0,0,2,1,Matches
104,Renê,brBRA,DF,Fluminense,32,1992,26.2,52,36,31,19,2,24,43,55.8,19,30,6,24,44,96,87,3,Matches
105,Robert Renan,brBRA,DF,Vasco da Gama,21,2003,14.3,18,10,11,6,1,7,9,77.8,2,21,15,6,18,36,69,0,Matches
106,Reinaldo,brBRA,DF,Mirassol,35,1989,32.1,44,31,21,15,8,22,50,44.0,28,25,4,21,17,61,106,2,Matches
107,Reginaldo,brBRA,DF,Juventude,31,1993,13.0,12,9,6,6,0,5,9,55.6,4,9,4,5,10,22,40,0,Matches
108,Santi Ramos Mingo,arARG,DF,Bahia,23,2001,32.5,28,17,15,12,1,16,24,66.7,8,49,32,17,26,54,149,2,Matches
109,Lucas Ramon,brBRA,DF,Mirassol,30,1994,28.9,60,42,32,21,7,30,75,40.0,45,23,6,17,52,112,137,1,Matches
110,Ramon,brBRA,DF,Internacional,23,2001,3.7,5,4,0,5,0,2,3,66.7,1,5,2,3,5,10,11,1,Matches
111,Ramon,brBRA,DF,Vitória,23,2001,18.0,34,25,16,15,3,19,37,51.4,18,25,6,19,15,49,62,0,Matches
112,André Ramalho,brBRA,DF,Corinthians,32,1992,19.8,29,16,18,11,0,18,26,69.2,8,19,14,5,17,46,96,1,Matches
113,Rafinha,brBRA,DF,Sport Recife,18,2006,0.5,3,0,2,0,1,2,2,100.0,0,0,0,0,1,4,0,0,Matches
114,Igor Rabello,brBRA,DF,Fluminense,29,1995,1.6,2,1,2,0,0,2,2,100.0,0,2,0,2,2,4,7,0,Matches
115,Igor Rabello,brBRA,DF,Atlético Mineiro,29,1995,2.1,3,2,3,0,0,3,4,75.0,1,5,2,3,2,5,14,0,Matches
116,Kauã Prates,brBRA,DF,Cruzeiro,16,2008,3.8,15,9,6,7,2,9,13,69.2,4,2,2,0,1,16,19,0,Matches
117,Mateo Ponte,uyURU,DF,Botafogo (RJ),21,2003,7.5,14,11,4,6,4,3,9,33.3,6,7,2,5,10,24,14,0,Matches
118,Lucas Piton,brBRA,DF,Vasco da Gama,24,2000,28.3,31,26,14,12,5,16,25,64.0,9,9,0,9,36,67,86,0,Matches
119,Joaquín Piquerez,uyURU,DF,Palmeiras,26,1998,27.3,53,30,21,23,9,32,56,57.1,24,27,7,20,25,78,55,2,Matches
120,Luan Peres Petroni,brBRA,DF,Santos,30,1994,22.8,31,17,18,11,2,11,18,61.1,7,28,22,6,21,52,143,1,Matches
121,Léo Pereira,brBRA,DF,Flamengo,29,1996,32.8,23,15,16,6,1,14,29,48.3,15,31,19,12,22,45,121,1,Matches
122,João Pedro,brBRA,DF,Grêmio,28,1996,5.0,8,6,3,4,1,4,5,80.0,1,4,2,2,1,9,15,0,Matches
123,João Pedro,brBRA,DF,Corinthians,21,2003,13.8,22,13,17,5,0,12,16,75.0,4,18,13,5,12,34,66,2,Matches
124,João Pedro Chermont,brBRA,DF,Santos,19,2006,2.8,10,8,5,5,0,7,7,100.0,0,1,0,1,3,13,12,0,Matches
125,Marcos Paulo,brBRA,DF,Juventude,22,2003,15.2,21,17,13,6,2,15,19,78.9,4,24,16,8,9,30,87,1,Matches
126,Patryck,brBRA,DF,São Paulo,22,2003,3.4,3,3,1,1,1,3,5,60.0,2,2,0,2,2,5,5,0,Matches
127,Kaio Pantaleão,brBRA,DF,Botafogo (RJ),29,1995,10.4,10,8,4,5,1,3,9,33.3,6,8,3,5,15,25,56,1,Matches
128,Sergio Palacios,coCOL,DF,RB Bragantino,19,2005,0.8,1,0,1,0,0,0,1,0.0,1,0,0,0,0,1,3,0,Matches
129,Bruno Pacheco,brBRA,DF,Fortaleza,33,1991,14.0,25,17,12,10,3,17,29,58.6,12,12,5,7,11,36,34,0,Matches
130,Pablo,brBRA,DF,Internacional,18,2006,0.2,1,1,1,0,0,1,1,100.0,0,0,0,0,0,1,0,0,Matches
131,João Othavio Basso,brBRA,DF,Santos,28,1997,5.8,7,4,7,0,0,3,5,60.0,2,5,4,1,5,12,25,0,Matches
132,Luiz Otávio,brBRA,DF,Mirassol,32,1992,1.8,0,0,0,0,0,0,1,0.0,1,3,3,0,2,2,17,0,Matches
133,Leo Ortiz,brBRA,DF,Flamengo,29,1996,24.5,31,18,18,12,1,10,13,76.9,3,18,16,2,16,47,107,4,Matches
134,Lucas Oliveira,brBRA,DF,Vasco da Gama,28,1996,2.9,4,4,4,0,0,1,4,25.0,3,5,4,1,10,14,26,1,Matches
135,Nicolas,brBRA,DF,São Paulo,17,2007,0.5,2,2,1,1,0,2,2,100.0,0,1,1,0,2,4,0,0,Matches
136,Nicolas,brBRA,DF,Ceará,27,1997,6.6,14,7,2,11,1,4,8,50.0,4,4,0,4,8,22,15,0,Matches
137,Neris,brBRA,DF,Vitória,32,1992,5.9,5,2,3,2,0,1,3,33.3,2,3,2,1,6,11,34,0,Matches
138,Kaiky Naves,brBRA,DF,Palmeiras,22,2002,0.2,1,0,0,1,0,1,1,100.0,0,0,0,0,0,1,3,0,Matches
139,Nathan,brBRA,DF,Internacional,23,2001,1.0,4,0,2,1,1,1,2,50.0,1,1,0,1,0,4,1,0,Matches
140,Natanael,brBRA,DF,Atlético Mineiro,23,2002,23.8,54,33,25,25,4,23,42,54.8,19,28,9,19,22,76,61,0,Matches
141,Kauã Moraes,brBRA,DF,Cruzeiro,18,2006,2.2,3,3,1,2,0,3,11,27.3,8,2,2,0,1,4,7,0,Matches
142,Micael,brBRA,DF,Palmeiras,24,2000,14.4,27,17,13,13,1,10,14,71.4,4,10,6,4,9,36,90,1,Matches
143,Gabriel Mercado,arARG,DF,Internacional,37,1987,13.3,15,10,8,7,0,10,11,90.9,1,13,10,3,14,29,72,0,Matches
144,Ramon Menezes Roma,brBRA,DF,Sport Recife,29,1995,20.8,18,14,16,2,0,11,17,64.7,6,23,18,5,26,44,128,1,Matches
145,Nathan Mendes,brBRA,DF,RB Bragantino,22,2002,12.9,18,11,9,6,3,15,19,78.9,4,12,5,7,13,31,32,0,Matches
146,Mayke,brBRA,DF,Palmeiras,32,1992,2.3,5,4,2,1,2,3,5,60.0,2,3,1,2,0,5,5,0,Matches
147,Mayke,brBRA,DF,Santos,32,1992,9.1,17,12,7,9,1,9,12,75.0,3,13,4,9,9,26,26,0,Matches
148,Matheuzinho,brBRA,DF,Corinthians,24,2000,29.2,63,40,37,19,7,38,72,52.8,34,33,10,23,37,100,87,1,Matches
149,Gustavo Martins Santos,brBRA,DF,Grêmio,22,2002,14.7,26,18,19,6,1,15,24,62.5,9,25,12,13,11,37,94,0,Matches
150,Adriano Martins,brBRA,DF,Juventude,27,1997,4.0,5,3,3,1,1,3,3,100.0,0,4,3,1,6,11,27,0,Matches
151,Gustavo Marques,brBRA,DF,RB Bragantino,23,2001,10.0,20,12,16,3,1,10,16,62.5,6,17,10,7,14,34,63,0,Matches
152,Marlon,brBRA,DF,Grêmio,27,1997,30.7,71,47,55,15,1,51,89,57.3,38,31,11,20,36,107,120,1,Matches
153,Marlon,brBRA,DF,Cruzeiro,27,1997,0.1,0,0,0,0,0,0,0,,0,0,0,0,0,0,0,0,Matches
154,Zé Marcos,brBRA,DF,Vitória,26,1998,27.0,23,18,14,7,2,11,18,61.1,7,24,18,6,19,42,173,1,Matches
155,João Marcelo,brBRA,DF,Cruzeiro,24,2000,2.5,4,4,0,4,0,2,3,66.7,1,5,4,1,5,9,21,0,Matches
156,Fernando Marçal,brBRA,DF,Botafogo (RJ),35,1989,11.2,16,11,13,3,0,9,13,69.2,4,20,11,9,14,30,56,1,Matches
157,Manoel,brBRA,DF,Fluminense,34,1990,3.8,0,0,0,0,0,0,1,0.0,1,7,3,4,0,0,17,0,Matches
158,Eros Mancuso,arARG,DF,Fortaleza,25,1999,26.4,59,34,44,10,5,40,72,55.6,32,20,3,17,23,82,69,0,Matches
159,Gustavo Mancha,brBRA,DF,Fortaleza,20,2004,11.4,20,11,10,10,0,12,20,60.0,8,3,1,2,15,35,55,0,Matches
160,Léo Mana,brBRA,DF,Corinthians,20,2004,2.5,3,2,0,2,1,1,4,25.0,3,3,0,3,3,6,10,0,Matches
161,Maik,brBRA,DF,São Paulo,20,2005,6.7,22,13,6,7,9,14,18,77.8,4,9,1,8,7,29,16,0,Matches
162,Willian Machado,brBRA,DF,Ceará,28,1996,35.8,51,32,33,17,1,20,27,74.1,7,34,21,13,35,86,264,1,Matches
163,Lyanco,brBRA,DF,Atlético Mineiro,27,1997,15.7,30,18,22,4,4,12,18,66.7,6,20,13,7,37,67,80,3,Matches
164,David Luiz,brBRA,DF,Fortaleza,37,1987,4.4,5,4,4,1,0,3,3,100.0,0,8,7,1,5,10,30,0,Matches
165,Luisão,brBRA,DF,Santos,21,2003,4.9,7,3,3,4,0,4,11,36.4,7,6,3,3,3,10,32,2,Matches
166,João Lucas,brBRA,DF,Grêmio,26,1998,5.6,13,11,10,3,0,7,11,63.6,4,7,1,6,8,21,26,0,Matches
167,Ayrton Lucas,brBRA,DF,Flamengo,27,1997,13.7,31,26,17,13,1,13,26,50.0,13,12,5,7,9,40,29,0,Matches
168,David Loiola,brBRA,DF,Botafogo (RJ),22,2002,20.3,25,12,18,6,1,17,28,60.7,11,28,16,12,16,41,111,0,Matches
169,Mauricio Lemos,uyURU,DF,Vasco da Gama,29,1995,2.7,1,1,0,1,0,1,1,100.0,0,9,9,0,3,4,17,1,Matches
170,Leandrinho,brBRA,DF,Vasco da Gama,19,2005,0.6,1,0,1,0,0,0,0,,0,0,0,0,0,1,2,0,Matches
171,Benjamín Kuscevic,clCHI,DF,Fortaleza,28,1996,19.0,37,25,27,10,0,22,31,71.0,9,22,14,8,16,53,116,3,Matches
172,Gabriel Knesowitsch,brBRA,DF,Mirassol,21,2003,4.0,3,3,2,1,0,2,3,66.7,1,4,2,2,1,4,36,0,Matches
173,Khellven,brBRA,DF,Palmeiras,23,2001,10.8,16,10,9,7,0,9,26,34.6,17,8,2,6,7,23,28,0,Matches
174,Kevyson,brBRA,DF,Sport Recife,20,2004,3.0,8,6,7,1,0,8,12,66.7,4,6,2,4,5,13,16,0,Matches
175,Kevyson,brBRA,DF,Santos,20,2004,0.2,0,0,0,0,0,0,2,0.0,2,0,0,0,0,0,1,0,Matches
176,Kanu,brBRA,DF,Bahia,27,1997,5.7,7,6,4,3,0,3,6,50.0,3,6,5,1,6,13,21,0,Matches
177,Walter Kannemann,arARG,DF,Grêmio,33,1991,19.1,26,14,18,6,2,12,18,66.7,6,37,23,14,22,48,128,3,Matches
178,Kaiki,brBRA,DF,Cruzeiro,21,2003,33.3,98,75,65,25,8,37,53,69.8,16,30,8,22,42,140,145,0,Matches
179,Wanderson Junior,brBRA,DF,Flamengo,17,2007,0.2,1,0,1,0,0,1,1,100.0,0,0,0,0,0,1,1,0,Matches
180,Juninho,brBRA,DF,Internacional,29,1995,16.7,28,17,18,8,2,9,19,47.4,10,24,18,6,18,46,98,0,Matches
181,Luciano Juba,brBRA,DF,Bahia,25,1999,32.0,48,28,29,10,9,30,53,56.6,23,16,2,14,36,84,120,3,Matches
182,José,brBRA,DF,Cruzeiro,19,2005,0.0,0,0,0,0,0,0,0,,0,0,0,0,0,0,0,0,Matches
183,Jonathan,brBRA,DF,Cruzeiro,20,2004,8.9,15,9,12,3,0,9,19,47.4,10,10,6,4,11,26,57,0,Matches
184,Felipe Jonatan,brBRA,DF,Mirassol,26,1998,4.9,4,3,1,2,1,1,4,25.0,3,2,0,2,3,7,9,0,Matches
185,Maykon Jesus,brBRA,DF,Vitória,19,2005,8.5,15,8,4,10,1,5,9,55.6,4,5,2,3,6,21,50,1,Matches
186,Jemmes,brBRA,DF,Mirassol,24,2000,36.4,64,44,46,15,3,44,66,66.7,22,38,28,10,42,106,214,2,Matches
187,Jemerson,brBRA,DF,Grêmio,32,1992,8.6,18,12,12,6,0,10,12,83.3,2,5,2,3,9,27,53,0,Matches
188,Jamerson,brBRA,DF,Vitória,26,1998,11.4,27,19,18,5,4,12,19,63.2,7,9,4,5,12,39,42,0,Matches
189,Zé Ivaldo,brBRA,DF,Santos,27,1997,20.0,30,22,18,10,2,20,37,54.1,17,24,17,7,23,53,110,1,Matches
190,Isaac,brBRA,DF,Atlético Mineiro,20,2004,0.1,0,0,0,0,0,0,0,,0,0,0,0,0,0,1,0,Matches
191,Ignácio,brBRA,DF,Fluminense,28,1996,12.7,25,15,18,7,0,10,13,76.9,3,15,11,4,15,40,94,1,Matches
192,Iago,brBRA,DF,Flamengo,19,2005,1.0,0,0,0,0,0,0,0,,0,0,0,0,0,0,7,0,Matches
193,José Hurtado,ecECU,DF,RB Bragantino,23,2001,20.7,38,27,19,17,2,19,36,52.8,17,25,5,20,19,57,69,1,Matches
194,Vitor Hugo,brBRA,DF,Atlético Mineiro,33,1991,18.2,27,17,19,7,1,17,21,81.0,4,22,16,6,26,53,114,2,Matches
195,Victor Hugo,brBRA,DF,Sport Recife,16,2008,0.7,0,0,0,0,0,0,0,,0,1,0,1,0,0,2,0,Matches
196,Diogo Hereda,brBRA,DF,Sport Recife,26,1998,9.4,20,17,10,7,3,11,16,68.8,5,7,2,5,7,27,17,0,Matches
197,Pedro Henrique,brBRA,DF,RB Bragantino,29,1995,29.5,29,18,24,5,0,20,36,55.6,16,34,27,7,32,61,216,2,Matches
198,Paulo Henrique,brBRA,DF,Vasco da Gama,28,1996,27.7,85,57,46,32,7,49,73,67.1,24,40,13,27,34,119,105,2,Matches
199,Gustavo Henrique,brBRA,DF,Corinthians,31,1993,23.0,28,21,20,6,2,13,23,56.5,10,30,23,7,18,46,125,1,Matches
200,Lucas Halter,brBRA,DF,Vitória,24,2000,32.3,39,28,32,7,0,23,33,69.7,10,48,37,11,16,55,189,3,Matches
201,Luiz Gustavo,brBRA,DF,Vasco da Gama,18,2006,3.2,4,2,3,1,0,1,3,33.3,2,3,3,0,2,6,24,0,Matches
202,Guilherme,brBRA,DF,RB Bragantino,22,2002,7.1,17,10,12,3,2,11,17,64.7,6,17,6,11,4,21,19,0,Matches
203,Guga,brBRA,DF,Fluminense,26,1998,11.0,30,19,15,15,0,16,28,57.1,12,20,4,16,7,37,20,1,Matches
204,Gustavo Gómez,pyPAR,DF,Palmeiras,31,1993,25.7,50,27,30,17,3,28,42,66.7,14,35,24,11,35,85,142,1,Matches
205,Fredi Gomes,brBRA,DF,Bahia,18,2006,1.0,1,1,1,0,0,1,1,100.0,0,1,0,1,2,3,2,1,Matches
206,Johnny Góes,brBRA,DF,Flamengo,17,2007,1.0,3,0,3,0,0,2,2,100.0,0,1,0,1,2,5,5,0,Matches
207,Leonardo Godoy,arARG,DF,Santos,29,1995,4.6,4,4,1,2,1,3,8,37.5,5,6,1,5,1,5,17,0,Matches
208,Gilberto,brBRA,DF,Bahia,31,1993,19.7,49,35,29,15,5,32,48,66.7,16,15,8,7,20,69,62,2,Matches
209,Gil,brBRA,DF,Santos,37,1987,8.0,17,9,15,1,1,10,15,66.7,5,6,3,3,7,24,30,0,Matches
210,Agustín Giay,arARG,DF,Palmeiras,21,2004,22.0,59,43,31,22,6,32,55,58.2,23,25,8,17,14,73,52,2,Matches
211,Lucas Gazal,brBRA,DF,Fortaleza,25,1999,6.1,6,5,6,0,0,3,8,37.5,5,10,5,5,8,14,46,0,Matches
212,Mateo Gamarra,pyPAR,DF,Cruzeiro,24,2000,1.7,6,5,5,1,0,5,6,83.3,1,1,1,0,4,10,18,0,Matches
213,Victor Gabriel,brBRA,DF,Internacional,20,2004,12.3,24,20,14,10,0,13,17,76.5,4,18,12,6,18,42,95,1,Matches
214,Gabriel,brBRA,DF,Bahia,23,2001,10.5,17,12,14,3,0,7,10,70.0,3,14,9,5,12,29,62,1,Matches
215,Gabriel Fuentes,coCOL,DF,Fluminense,27,1997,9.2,19,12,10,7,2,5,9,55.6,4,6,3,3,11,30,29,0,Matches
216,Adonis Frías,arARG,DF,Santos,26,1998,12.4,15,10,13,1,1,9,14,64.3,5,14,8,6,17,32,45,1,Matches
217,Juan Freytes,arARG,DF,Fluminense,25,2000,32.5,24,15,17,6,1,16,33,48.5,17,29,17,12,16,40,185,5,Matches
218,Lucas Freitas,brBRA,DF,Vasco da Gama,24,2001,17.2,16,9,9,6,1,12,18,66.7,6,26,21,5,19,35,86,3,Matches
219,Luan Freitas,brBRA,DF,Juventude,24,2001,12.5,25,16,13,10,2,12,19,63.2,7,18,13,5,10,35,47,1,Matches
220,Alan Franco,arARG,DF,São Paulo,28,1996,25.4,34,23,21,13,0,21,33,63.6,12,34,18,16,25,59,129,3,Matches
221,André Filipinho,brBRA,DF,Juventude,28,1997,3.4,5,1,3,1,1,1,3,33.3,2,3,1,2,5,10,19,0,Matches
222,Nahuel Ferraresi,veVEN,DF,São Paulo,26,1998,20.0,74,51,37,31,6,43,71,60.6,28,21,8,13,28,102,84,0,Matches
223,Fagner,brBRA,DF,Cruzeiro,35,1989,9.2,20,10,13,7,0,10,17,58.8,7,11,1,10,12,32,38,1,Matches
224,Ewerton,brBRA,DF,Juventude,24,2000,12.8,23,16,15,6,2,13,31,41.9,18,5,1,4,21,44,42,1,Matches
225,Lucas Esteves,brBRA,DF,Grêmio,24,2000,7.5,12,10,5,6,1,4,5,80.0,1,9,1,8,10,22,22,1,Matches
226,Gonzalo Escobar,arARG,DF,Santos,27,1997,22.3,79,57,48,25,6,48,64,75.0,16,30,8,22,39,118,92,2,Matches
227,Emerson,brBRA,DF,Flamengo,26,1999,13.9,29,18,16,10,3,16,25,64.0,9,11,1,10,20,49,33,2,Matches
228,Rodrigo Ely,brBRA,DF,Grêmio,31,1993,0.4,1,1,1,0,0,0,0,,0,1,1,0,1,2,0,0,Matches
229,EDU,brBRA,DF,Vitória,24,2000,11.9,33,19,26,6,1,17,22,77.3,5,11,6,5,11,44,96,0,Matches
230,Eder,brBRA,DF,Ceará,29,1995,3.0,0,0,0,0,0,0,0,,0,1,1,0,0,0,20,0,Matches
231,David Duarte,brBRA,DF,Bahia,30,1995,24.5,19,11,13,6,0,7,13,53.8,6,25,22,3,14,33,162,0,Matches
232,Alexis Duarte,pyPAR,DF,Santos,24,2000,4.5,9,3,5,4,0,4,5,80.0,1,5,2,3,3,12,25,0,Matches
233,Mailton dos Santos,brBRA,DF,São Paulo,26,1998,4.3,4,2,2,2,0,4,7,57.1,3,3,1,2,4,8,10,0,Matches
234,Enzo Díaz,arARG,DF,São Paulo,29,1995,20.9,77,49,46,24,7,39,66,59.1,27,25,7,18,19,96,64,0,Matches
235,Danilo,brBRA,DF,Flamengo,33,1991,15.7,10,8,6,4,0,5,12,41.7,7,10,6,4,14,24,59,0,Matches
236,Lucas Cunha,brBRA,DF,Sport Recife,28,1997,4.8,5,2,3,2,0,5,10,50.0,5,6,5,1,7,12,20,0,Matches
237,Jair Cunha,brBRA,DF,Botafogo (RJ),19,2005,11.0,14,11,10,4,0,8,12,66.7,4,9,6,3,11,25,63,2,Matches
238,Carlos Cuesta,coCOL,DF,Vasco da Gama,25,1999,12.1,18,12,14,3,1,7,10,70.0,3,10,6,4,13,31,62,1,Matches
239,Cleiton,brBRA,DF,Flamengo,21,2003,0.9,3,2,1,2,0,1,1,100.0,0,2,2,0,2,5,7,0,Matches
240,Clayton,brBRA,DF,Internacional,24,2000,8.5,10,6,6,4,0,3,6,50.0,3,18,11,7,10,20,45,1,Matches
241,Claudinho,brBRA,DF,Vitória,24,2000,10.0,21,10,14,7,0,14,25,56.0,11,13,5,8,10,31,26,1,Matches
242,Cipriano,brBRA,DF,Juventude,22,2002,2.1,2,1,1,1,0,1,3,33.3,2,3,1,2,4,6,8,0,Matches
243,Chico,brBRA,DF,Sport Recife,26,1998,11.8,19,11,12,7,0,14,20,70.0,6,13,10,3,12,31,93,2,Matches
244,Julio Cesar,brBRA,DF,Fluminense,18,2006,2.0,3,2,2,1,0,2,2,100.0,0,0,0,0,4,7,5,0,Matches
245,Murilo Cerqueira,brBRA,DF,Palmeiras,27,1997,18.4,28,18,10,17,1,12,24,50.0,12,29,11,18,17,45,86,1,Matches
246,Caue,brBRA,DF,RB Bragantino,18,2006,0.5,2,2,2,0,0,1,2,50.0,1,0,0,0,1,3,1,0,Matches
247,Antonio Carlos,brBRA,DF,Sport Recife,31,1993,3.0,3,2,3,0,0,0,3,0.0,3,0,0,0,1,4,21,0,Matches
248,Igor Cariús,brBRA,DF,Sport Recife,31,1993,19.2,47,29,27,17,3,30,48,62.5,18,32,6,26,27,74,85,0,Matches
249,Juninho Capixaba,brBRA,DF,RB Bragantino,27,1997,21.9,50,35,25,19,6,19,45,42.2,26,35,11,24,21,71,81,3,Matches
250,Luan Cândido,brBRA,DF,Sport Recife,23,2001,14.6,13,6,4,7,2,7,15,46.7,8,33,13,20,17,30,81,0,Matches
251,Camutanga,brBRA,DF,Vitória,31,1993,13.8,15,10,9,6,0,7,11,63.6,4,12,4,8,13,28,92,0,Matches
252,Cadu,brBRA,DF,Atlético Mineiro,20,2004,0.1,0,0,0,0,0,0,0,,0,0,0,0,0,0,0,0,Matches
253,Raúl Cáceres,pyPAR,DF,Vitória,33,1991,18.7,32,21,21,6,5,17,36,47.2,19,15,4,11,9,41,84,0,Matches
254,Cacá,brBRA,DF,Corinthians,25,1999,15.6,24,20,14,9,1,20,26,76.9,6,15,9,6,10,34,60,1,Matches
255,Fabrício Bruno,brBRA,DF,Cruzeiro,28,1996,32.8,46,36,29,15,2,25,34,73.5,9,44,26,18,24,70,231,2,Matches
256,Emanuel Brítez,arARG,DF,Fortaleza,32,1992,17.7,24,14,15,8,1,15,22,68.2,7,16,11,5,20,44,99,0,Matches
257,Marllon Borges,brBRA,DF,Ceará,32,1992,23.1,25,11,18,6,1,10,19,52.6,9,18,17,1,12,37,149,2,Matches
258,Daniel Borges,brBRA,DF,Mirassol,31,1993,10.0,14,8,7,4,3,5,14,35.7,9,11,3,8,10,24,33,1,Matches
259,Matheus Bidu,brBRA,DF,Corinthians,25,1999,21.8,35,27,18,10,7,19,33,57.6,14,28,7,21,23,58,44,2,Matches
260,Bernardo,brBRA,DF,Juventude,19,2005,0.5,2,2,0,0,2,1,1,100.0,0,1,0,1,1,3,0,0,Matches
261,Alexandro Bernabei,arARG,DF,Internacional,24,2000,28.7,78,44,33,31,14,44,95,46.3,51,36,6,30,37,115,71,1,Matches
262,Luis Benedetti,brBRA,DF,Palmeiras,18,2006,4.2,5,2,3,2,0,2,2,100.0,0,4,3,1,6,11,26,0,Matches
263,José Luis Rodríguez Bebanz,uyURU,DF,Vasco da Gama,27,1997,16.1,21,10,10,7,4,14,20,70.0,6,17,8,9,12,33,55,0,Matches
264,Alexander Barboza,arARG,DF,Botafogo (RJ),29,1995,23.9,46,37,38,7,1,32,45,71.1,13,32,15,17,22,68,166,2,Matches
265,Diogo Barbosa,brBRA,DF,Fortaleza,32,1992,13.8,31,18,19,11,1,22,38,57.9,16,13,2,11,11,42,61,0,Matches
266,Fabián Balbuena,pyPAR,DF,Grêmio,33,1991,2.5,3,2,3,0,0,1,3,33.3,2,0,0,0,4,7,24,0,Matches
267,Matheus Bahia,brBRA,DF,Ceará,25,1999,27.4,46,27,33,9,4,22,41,53.7,19,22,7,15,21,67,86,0,Matches
268,Gabriel Bahia,brBRA,DF,Botafogo (RJ),26,1998,2.6,4,2,2,2,0,4,4,100.0,0,2,2,0,2,6,16,1,Matches
269,Gastón Ávila,arARG,DF,Fortaleza,23,2001,25.8,62,42,37,22,3,44,72,61.1,28,32,25,7,25,87,120,1,Matches
270,Santiago Arias,coCOL,DF,Bahia,33,1992,15.8,20,15,10,8,2,10,20,50.0,10,10,6,4,18,38,50,2,Matches
271,Robert Arboleda,ecECU,DF,São Paulo,33,1991,22.9,34,21,26,8,0,17,24,70.8,7,43,29,14,17,51,154,1,Matches
272,Guilherme Arana,brBRA,DF,Atlético Mineiro,27,1997,19.4,22,17,11,11,0,8,16,50.0,8,17,7,10,17,39,45,2,Matches
273,Fabrizio Angileri,arARG,DF,Corinthians,30,1994,18.2,35,23,25,8,2,22,33,66.7,11,26,14,12,10,45,90,1,Matches
274,Wilker Ángel,veVEN,DF,Juventude,31,1993,15.8,13,7,6,6,1,8,11,72.7,3,35,33,2,12,25,105,3,Matches
275,Júnior Alonso,pyPAR,DF,Atlético Mineiro,31,1993,29.0,33,18,19,12,2,20,31,64.5,11,20,14,6,32,65,132,0,Matches
276,Matheus Alexandre,brBRA,DF,Sport Recife,25,1999,19.8,51,33,27,17,7,26,40,65.0,14,24,6,18,33,84,59,0,Matches
277,Braian Aguirre,arARG,DF,Internacional,24,2000,26.5,69,43,29,31,9,47,73,64.4,26,27,9,18,31,100,98,3,Matches
278,Abner,brBRA,DF,Juventude,20,2004,14.6,19,11,13,4,2,11,29,37.9,18,23,13,10,18,37,98,2,Matches
